"Y","M","D","T","TM","Tm","H","PP","VV"
1991,1,1,6.334,11.5,2,87,2.1,4.8
1991,1,2,3.634,8.3,2,89,2.1,5.1
1991,1,3,3.334,7.1,1,88,2.1,4
1991,1,4,4.934,11.9,2,64,2.1,9.4
1991,1,5,3.934,12.3,-1,70,2.1,11.9
1991,1,6,4.634,9.5,1,88,2.1,9
1991,1,7,9.134,12.5,8,83,2.1,11.5
1991,1,8,9.434,13.9,7,74,7.18,12.2
1991,1,9,10.134,13.5,8.8,82,2.1,11.4
1991,1,10,11.234,15.2,10,76,2.1,12.5
1991,1,11,10.434,14.1,8,77,2.1,12.3
1991,1,12,7.634,11.1,5,68,4.13,11.5
1991,1,13,4.034,9.5,1.6,56,2.1,12.5
1991,1,14,2.634,8.9,-1,56,2.1,11.5
1991,1,15,-0.366,8.2,-4,69,2.1,11.4
1991,1,16,-0.166,5.3,-3,78,2.1,11.2
1991,1,17,4.434,8.3,3,80,2.35,9.3
1991,1,18,7.534,13.3,6,82,2.35,9.3
1991,1,19,8.134,12.9,5,78,2.1,10.9
1991,1,20,6.834,14.9,1,62,2.1,11.4
1991,1,21,5.934,13.3,2,60,2.1,11.4
1991,1,22,4.234,11.9,-1,69,2.1,12.5
1991,1,23,6.034,11.5,4.6,64,2.1,12.2
1991,1,24,4.234,12.1,-1,61,2.1,12.2
1991,1,25,6.234,12.9,2.8,56,2.1,12.5
1991,1,26,6.734,11.9,1,61,2.1,12.5
1991,1,27,2.734,11.9,-2,66,2.1,11.5
1991,1,28,2.134,12.9,-4,66,2.1,11.1
1991,1,29,1.234,7.1,-4,81,2.1,9.6
1991,1,30,4.334,10.9,2,77,2.61,6.1
1991,1,31,2.434,10.9,-2,72,2.1,11.7
1991,2,1,3.634,7.1,2,91,6.42,6.7
1991,2,2,4.134,6.9,2.4,85,3.12,11.2
1991,2,3,7.234,11.9,5.4,64,2.35,12.5
1991,2,4,6.234,12.9,3,67,2.1,12.7
1991,2,5,5.334,13.5,-0.2,73,2.1,12
1991,2,6,6.734,11.9,2,85,2.1,9.9
1991,2,7,7.934,11.9,5,68,3.12,12.3
1991,2,8,5.834,11.1,3.4,70,2.1,13
1991,2,9,8.334,11.4,7.8,77,2.1,13
1991,2,10,6.134,11.4,2,58,4.13,12.5
1991,2,11,2.734,9.9,-2,63,2.1,11.9
1991,2,12,1.334,7.9,-2,63,2.1,12.8
1991,2,13,2.634,11.3,-4,53,2.1,12
1991,2,14,3.934,8.9,0,51,2.1,12.3
1991,2,15,1.834,11.9,-6.5,56,2.1,11.2
1991,2,16,1.934,4.9,0.8,88,6.16,7.4
1991,2,17,3.734,9.1,3,85,6.16,8.5
1991,2,18,2.834,6.9,2,89,21.15,9
1991,2,19,7.534,10.9,6,72,64.08,12.5
1991,2,20,8.234,16.3,4,64,2.1,12.7
1991,2,21,7.034,14.3,1.8,73,2.1,11.2
1991,2,22,6.834,14.4,4,72,2.1,8.5
1991,2,23,6.734,17.1,0.4,66,2.1,11.2
1991,2,24,7.834,19.5,1,63,2.1,11.4
1991,2,25,9.434,20.1,3,61,2.1,11.4
1991,2,26,9.034,20.1,3,70,2.1,11.4
1991,2,27,8.334,15.4,3.5,62,2.1,12.2
1991,2,28,6.834,9.9,6.6,85,16.07,9
1991,3,1,8.234,14.3,6,69,2.1,12.5
1991,3,2,8.334,15.9,3,66,2.1,11.9
1991,3,3,11.134,19.7,8,69,2.1,11.7
1991,3,4,12.134,18.3,6,63,2.1,12.2
1991,3,5,11.234,15.1,10,75,4.13,11.4
1991,3,6,10.534,14.5,9,64,6.42,12.5
1991,3,7,8.934,14.6,8,75,13.02,12
1991,3,8,8.334,12.9,6,79,2.1,12.3
1991,3,9,9.534,13.1,8,85,5.15,11.5
1991,3,10,12.834,19.1,10,70,2.1,13.3
1991,3,11,10.434,19.4,5,76,2.1,11.5
1991,3,12,9.834,16.4,7,85,5.15,8.5
1991,3,13,10.434,12.5,10,84,5.15,12
1991,3,14,13.134,18.9,9,61,7.18,12.5
1991,3,15,12.634,16.9,8,70,2.1,9.6
1991,3,16,12.234,15.9,11,71,3.12,11.5
1991,3,17,10.534,17.4,8,68,2.61,12.2
1991,3,18,10.234,18.9,4,68,2.1,12
1991,3,19,13.434,22.9,6.8,66,2.1,12.2
1991,3,20,14.234,24.3,6.5,64,2.1,11.7
1991,3,21,13.434,19.4,10,58,2.1,12.3
1991,3,22,8.634,13.9,6,66,2.1,12.5
1991,3,23,8.034,14.2,4.6,56,2.1,12.7
1991,3,24,7.434,11.9,6,53,2.1,13.3
1991,3,25,9.834,13.9,8,60,2.1,12.5
1991,3,26,9.334,13.1,9,81,2.1,10.9
1991,3,27,10.734,17.3,8,70,5.15,10.9
1991,3,28,12.034,19.1,7,60,2.1,12.2
1991,3,29,13.234,20.1,9,59,2.1,12.3
1991,3,30,12.634,17.9,10,62,2.1,12.7
1991,3,31,12.134,17.9,7,55,101.16,12.3
1991,4,1,11.534,19.5,5,51,2.1,11.7
1991,4,2,11.934,21.9,4,54,2.1,10.4
1991,4,3,12.334,18.2,9,53,2.1,12.7
1991,4,4,8.434,14.9,3,67,2.1,12.5
1991,4,5,9.934,16.1,7,49,5.15,12.8
1991,4,6,10.234,17.9,3,52,2.1,11.7
1991,4,7,11.834,22.1,4,58,2.1,11.4
1991,4,8,14.934,22.9,9,56,2.1,11.5
1991,4,9,14.534,24.3,7,58,2.1,12.5
1991,4,10,14.734,25.4,7,52,2.1,11.7
1991,4,11,15.734,25.9,9,52,2.1,12.2
1991,4,12,14.434,23.9,7,52,2.1,12.3
1991,4,13,9.034,14.1,7,68,3.12,12.5
1991,4,14,9.834,16.9,6,79,4.13,12.3
1991,4,15,10.734,13.7,9.9,91,25.98,9.6
1991,4,16,13.034,18.9,10,66,2.1,10.3
1991,4,17,11.734,19.9,6,68,2.1,10.9
1991,4,18,10.934,17.9,7,50,2.1,12.2
1991,4,19,11.634,21.9,3,46,2.1,12.8
1991,4,20,8.934,16.5,3.8,50,2.1,12.2
1991,4,21,8.234,15.3,3,50,2.1,11.5
1991,4,22,9.934,19.9,3,53,2.1,12.2
1991,4,23,11.634,21.2,5,51,2.1,12.2
1991,4,24,10.834,19.5,4,54,2.1,12.2
1991,4,25,10.834,16.3,6.4,48,2.1,12.5
1991,4,26,9.634,16.9,6,48,2.1,13.5
1991,4,27,9.234,16.9,1,55,2.1,12.2
1991,4,28,12.734,20.9,6,55,2.1,12.7
1991,4,29,13.634,23.7,5,52,2.1,11.2
1991,4,30,16.634,25.7,8,52,2.1,12.3
1991,5,1,13.134,19.3,7,54,2.1,12.2
1991,5,2,9.134,15.1,7,55,2.1,12.5
1991,5,3,9.934,16.7,6,49,2.1,12.3
1991,5,4,9.234,18.4,1,53,2.1,12
1991,5,5,10.934,17.9,6,56,2.1,12.7
1991,5,6,9.134,17.7,2,52,2.1,11.9
1991,5,7,11.334,22.3,2,51,2.1,12.3
1991,5,8,11.334,16.3,8,50,2.1,12.8
1991,5,9,10.134,16.9,4.6,53,2.1,12.5
1991,5,10,10.934,19.1,7,61,2.1,12.5
1991,5,11,10.634,19.3,4.6,53,2.1,13.1
1991,5,12,13.934,23.5,5,49,2.1,12.5
1991,5,13,16.634,24.7,12,52,2.1,12.7
1991,5,14,16.134,26.6,6,48,2.1,11.7
1991,5,15,18.234,29.8,9,45,2.1,11.7
1991,5,16,16.634,27.9,9,44,2.1,11.5
1991,5,17,16.034,25.4,8.8,49,2.1,12.2
1991,5,18,15.834,24.3,10,51,2.1,12
1991,5,19,15.734,25.9,6,46,2.1,11.4
1991,5,20,16.634,27.1,9,47,2.1,11.7
1991,5,21,18.634,27.3,10,47,2.1,11.9
1991,5,22,19.134,29.9,9,40,2.1,11.5
1991,5,23,20.434,32.1,9,39,2.1,12
1991,5,24,23.034,31.9,16,38,2.1,11.9
1991,5,25,21.734,31.4,13,40,2.1,11.7
1991,5,26,21.734,31.7,13,42,2.1,11.9
1991,5,27,21.134,30.9,13,38,2.1,11.4
1991,5,28,20.134,30.9,11,40,2.1,12.3
1991,5,29,21.434,31.9,13,47,2.1,12.5
1991,5,30,19.834,26.5,16,57,4.13,12.3
1991,5,31,16.734,24.7,13.8,64,2.1,12.3
1991,6,1,17.334,25.3,15,63,2.1,12.8
1991,6,2,18.534,26.9,14,58,2.1,12.5
1991,6,3,19.334,28.4,12,56,2.1,12.3
1991,6,4,21.834,29.4,16,43,2.1,11.7
1991,6,5,21.334,29.4,14,42,2.1,11.2
1991,6,6,22.134,28.9,19,54,2.1,12.8
1991,6,7,19.634,25.3,17,58,2.1,12.5
1991,6,8,20.434,29.9,11,46,2.1,11.7
1991,6,9,23.634,34.6,13.8,42,2.1,12.3
1991,6,10,22.734,29.1,17,47,2.1,13.1
1991,6,11,21.734,31.9,14,45,2.1,12.5
1991,6,12,24.434,34.9,15,40,2.1,12.5
1991,6,13,26.434,37.1,16,40,2.1,12
1991,6,14,27.734,37.4,19,43,2.1,11.9
1991,6,15,26.934,37.9,20,46,2.1,11.9
1991,6,16,24.334,33.9,15,49,4.13,12.3
1991,6,17,18.234,27.9,12,42,2.1,11.7
1991,6,18,18.734,27.9,12,42,2.1,12.2
1991,6,19,20.334,28.9,12,43,2.1,12.3
1991,6,20,25.334,33.3,20,41,2.1,12.8
1991,6,21,26.234,34.5,18,42,2.1,12.5
1991,6,22,26.134,34.9,16,37,2.1,12.2
1991,6,23,26.434,36.7,17,35,2.1,12.2
1991,6,24,27.334,38.9,17,34,2.1,11.7
1991,6,25,29.334,39.9,21,36,2.1,12
1991,6,26,28.934,39.4,19.8,35,2.1,11.9
1991,6,27,26.534,36.3,19,39,2.1,11.4
1991,6,28,23.534,33.1,15,36,2.1,13
1991,6,29,23.134,33.4,14,34,2.1,12.2
1991,6,30,25.234,34.9,15,40,2.1,11.5
1991,7,1,24.434,35.4,19.8,49,2.1,12.5
1991,7,2,23.134,31.5,17.8,55,5.15,12.8
1991,7,3,22.034,31.9,17,53,2.1,12.5
1991,7,4,23.434,32.5,17,44,5.15,12.5
1991,7,5,20.834,27.4,16,41,2.1,12.8
1991,7,6,19.834,27.9,12,43,2.1,12.7
1991,7,7,22.734,32.5,14,45,2.1,12.8
1991,7,8,26.634,35.9,18,43,2.1,12.5
1991,7,9,28.434,38.4,21,38,2.1,12.3
1991,7,10,29.334,39.4,20,37,2.1,11.4
1991,7,11,30.034,39.7,22,36,2.1,12.2
1991,7,12,29.834,41.9,21,34,2.1,12
1991,7,13,30.334,41.5,21,35,2.1,11.4
1991,7,14,29.034,38.3,19,37,2.1,12
1991,7,15,28.934,39.1,21,35,2.1,11.4
1991,7,16,30.334,40.9,20,33,2.1,12.8
1991,7,17,31.234,39.9,23.6,30,2.1,11.4
1991,7,18,29.534,41.4,17.6,30,2.1,10.9
1991,7,19,30.034,39.5,22,33,2.1,12
1991,7,20,25.634,37.3,20,52,7.18,11.4
1991,7,21,25.734,37.4,19,49,4.13,11.9
1991,7,22,26.334,34.9,18,39,2.1,12
1991,7,23,28.234,38.1,18.2,36,2.1,12.7
1991,7,24,28.734,37.9,20,35,2.1,11.5
1991,7,25,26.634,36.3,19,41,2.1,11.9
1991,7,26,25.634,34.9,17.8,37,2.1,11.4
1991,7,27,27.734,38.5,19,38,2.1,11.9
1991,7,28,28.834,37.9,20.6,33,2.1,12
1991,7,29,24.234,29.3,21.4,39,2.1,12.8
1991,7,30,20.334,26.9,14,45,2.1,12
1991,7,31,22.434,31.3,14.4,43,2.1,12.2
1991,8,1,25.734,36.3,17,43,2.1,13.1
1991,8,2,28.434,38.1,19,39,2.1,12.5
1991,8,3,30.534,40.1,22,34,2.1,12.7
1991,8,4,31.334,40.7,23,33,2.1,11.9
1991,8,5,30.434,41.9,23,35,2.1,11.7
1991,8,6,31.234,40.9,21,33,2.1,12.2
1991,8,7,30.434,39.9,23,34,2.1,12.5
1991,8,8,24.434,31.3,18,43,2.1,11.9
1991,8,9,20.934,29.9,14,47,2.1,11.9
1991,8,10,24.734,34.5,17.4,48,2.1,12.7
1991,8,11,25.334,32.9,19,47,2.1,12
1991,8,12,25.834,34.9,17,45,2.1,11.4
1991,8,13,28.234,38.9,19,37,2.1,11.5
1991,8,14,29.234,40.9,19.6,36,2.1,11.9
1991,8,15,29.834,41.9,20,35,2.1,12
1991,8,16,30.834,42.9,22,35,2.1,12
1991,8,17,31.434,42.9,22,36,2.1,12.5
1991,8,18,29.834,39.5,23.8,39,2.1,12.5
1991,8,19,29.934,38.1,22,36,2.1,11.7
1991,8,20,28.334,40.9,17,36,2.1,11.4
1991,8,21,29.634,37.9,24,35,2.1,12
1991,8,22,24.634,29.9,20,47,2.1,12
1991,8,23,24.934,34.3,17,48,2.1,12.2
1991,8,24,27.334,37.9,19,42,2.1,12.3
1991,8,25,27.634,38.3,18,40,2.1,12
1991,8,26,28.434,36.9,21,40,2.1,12.3
1991,8,27,28.334,37.4,21,41,2.1,12.2
1991,8,28,26.434,36.9,19,44,2.1,12.3
1991,8,29,25.834,35.9,18,43,2.1,12.3
1991,8,30,24.434,32.1,16,47,2.1,11.9
1991,8,31,23.834,32.3,18.6,48,2.1,12.8
1991,9,1,23.834,33.9,16,45,2.1,12
1991,9,2,24.834,34.4,17,45,2.1,12
1991,9,3,24.934,34.2,21,56,2.1,12.8
1991,9,4,24.134,31.9,21,60,2.1,12.7
1991,9,5,23.234,32.4,17,58,2.1,12.5
1991,9,6,22.034,27.9,18,60,3.12,12.3
1991,9,7,22.934,33.4,15.6,51,2.1,12.8
1991,9,8,25.134,34.4,17.8,45,2.1,12.2
1991,9,9,25.334,34.9,17.6,45,2.1,12
1991,9,10,25.434,34.3,18.6,51,2.1,12.2
1991,9,11,23.334,31.4,18.8,54,2.1,12.7
1991,9,12,21.534,29.3,15,56,2.1,12.5
1991,9,13,22.334,30.9,15,52,2.1,12.3
1991,9,14,23.834,32.9,17,51,2.1,12
1991,9,15,24.434,33.4,16.8,45,2.1,12.3
1991,9,16,24.834,34.1,17,45,2.1,11.7
1991,9,17,26.334,36.3,17.8,41,2.1,11.7
1991,9,18,26.534,37.7,17,42,2.1,11.9
1991,9,19,26.534,37.1,19,39,2.1,11.5
1991,9,20,23.434,33.9,17,46,2.1,12.3
1991,9,21,23.134,31.9,17.8,60,2.35,12.7
1991,9,22,22.834,31.1,18,59,3.12,12.5
1991,9,23,22.334,33.3,16,52,2.1,11.5
1991,9,24,22.234,32.5,16,51,2.1,12
1991,9,25,19.234,24.9,17,71,2.61,12
1991,9,26,17.434,22.7,15,42,2.1,13
1991,9,27,16.234,23.5,8.4,44,2.1,12.8
1991,9,28,13.734,18.9,10.4,68,14.04,12.2
1991,9,29,13.634,17.9,11.8,74,2.1,17.7
1991,9,30,15.534,22.9,9.4,65,2.1,15.2
1991,10,1,17.734,25.1,14,57,2.1,12.3
1991,10,2,16.934,25.4,10,52,2.1,11.5
1991,10,3,17.034,26.9,9,54,2.1,11.9
1991,10,4,17.534,24.7,11,55,2.1,12
1991,10,5,19.834,28.9,14,53,2.1,12.2
1991,10,6,15.834,22.9,11,47,2.1,11.7
1991,10,7,14.834,26.4,6,48,2.1,11.4
1991,10,8,13.634,21.7,8,58,2.1,12.3
1991,10,9,12.434,16.9,10.4,74,19.12,11.9
1991,10,10,12.334,14.9,11.4,90,16.07,10.1
1991,10,11,12.134,17.3,12,79,4.13,12
1991,10,12,13.234,18.9,11.4,73,2.1,13
1991,10,13,13.734,19.2,12.4,70,2.1,12.5
1991,10,14,13.834,19.9,12,67,2.1,12.7
1991,10,15,12.334,18.5,10,72,2.1,12.3
1991,10,16,12.134,20.1,6.6,64,2.1,12.8
1991,10,17,11.134,21.5,7,73,2.1,12.2
1991,10,18,13.334,20.3,8,68,2.1,9.8
1991,10,19,13.334,18.4,8,58,2.1,11.9
1991,10,20,10.334,16.9,4,48,2.1,12
1991,10,21,8.534,16.5,2,57,2.1,12
1991,10,22,8.434,15.3,3,53,2.1,12
1991,10,23,8.634,12.9,7,66,4.64,12.8
1991,10,24,10.134,16.4,7,70,2.35,12.7
1991,10,25,12.634,14.9,11.6,84,3.12,11.1
1991,10,26,13.734,15.9,14,80,9.97,11.9
1991,10,27,12.634,16.9,11,74,2.1,11.7
1991,10,28,11.834,15.1,9.8,84,4.13,11.7
1991,10,29,11.334,16.9,10,82,2.1,6.7
1991,10,30,10.634,15.9,7.8,86,2.1,6.1
1991,10,31,12.634,19.3,9.6,82,2.1,5.7
1991,11,1,13.434,22.9,7.8,73,2.1,7.8
1991,11,2,13.734,21.9,7,66,2.1,10.7
1991,11,3,16.434,21.3,12.8,62,2.1,12.2
1991,11,4,14.334,18.9,9,59,2.1,11.9
1991,11,5,8.934,15.9,4.6,62,2.1,12.7
1991,11,6,8.634,15.7,5,57,2.1,12.3
1991,11,7,6.434,16.9,0,63,2.1,11.5
1991,11,8,7.534,18.9,1,64,2.1,11.1
1991,11,9,8.434,19.9,1,61,2.1,11.4
1991,11,10,7.034,14.9,2,60,2.1,12.3
1991,11,11,5.034,14.9,0,75,2.1,12.3
1991,11,12,6.034,15.3,0,#VALUE!,2.1,10.4
1991,11,13,9.934,14.9,8,70,3.12,10.1
1991,11,14,10.434,14.9,8,52,2.1,13.1
1991,11,15,13.734,18.9,11,67,2.1,12.5
1991,11,16,12.634,18.2,8,47,2.1,13.1
1991,11,17,9.234,19.3,3.4,63,2.1,12.2
1991,11,18,8.934,16.9,3,78,2.1,11.7
1991,11,19,9.734,14.9,6,54,2.1,12.7
1991,11,20,6.834,13.9,4.8,58,2.1,12.5
1991,11,21,6.934,10.9,5,51,2.1,13.5
1991,11,22,6.634,12.9,-1,50,2.1,12.8
1991,11,23,1.434,12.9,-4,64,2.1,11.5
1991,11,24,3.134,12.9,-4,70,2.1,12
1991,11,25,6.634,12.9,4,80,2.1,8
1991,11,26,7.634,19.9,1,64,2.1,7.8
1991,11,27,7.734,18.9,1.5,63,2.1,11.5
1991,11,28,6.434,15.9,1,74,2.1,11.9
1991,11,29,8.334,11.9,7,85,8.2,10.4
1991,11,30,9.134,12.9,8,81,3.12,8.2
1991,12,1,7.834,12.3,2,85,7.18,11.9
1991,12,2,6.434,10.9,5,88,3.12,7.7
1991,12,3,8.334,12.9,6,68,2.1,12.8
1991,12,4,8.434,14.6,5,71,2.1,12.7
1991,12,5,7.834,14.3,5,77,2.1,12.5
1991,12,6,8.434,16.9,5,76,2.1,12.5
1991,12,7,6.234,11.9,3,79,2.1,11.4
1991,12,8,7.334,10.1,6,86,4.64,10.6
1991,12,9,5.934,12.9,2,79,2.1,6.9
1991,12,10,7.234,11.9,4,67,2.1,12.7
1991,12,11,8.134,13.2,4,75,2.1,11.9
1991,12,12,5.334,12.9,1,78,2.1,11.7
1991,12,13,6.734,12.9,3,70,2.1,12.5
1991,12,14,8.334,12.9,7,66,2.1,12.7
1991,12,15,6.734,9.5,6,88,9.21,9.6
1991,12,16,7.534,12.9,3,81,2.35,11.4
1991,12,17,3.234,11.5,0,90,2.1,2.8
1991,12,18,3.534,10.3,1,88,2.1,2.8
1991,12,19,3.534,6.9,2,91,2.1,1.7
1991,12,20,6.634,16.9,2,63,2.1,8.2
1991,12,21,3.434,13.1,-1,70,2.1,11.4
1991,12,22,5.334,16.2,-2,57,2.1,9.4
1991,12,23,6.234,20.9,-2,47,2.1,12.2
1991,12,24,5.434,18.4,-2,65,2.1,11.4
1991,12,25,5.734,15.9,-1,63,2.1,11.5
1991,12,26,1.434,10.9,-2,93,2.1,7.2
1991,12,27,3.034,16.1,-4,76,2.1,8.5
1991,12,28,3.234,15.5,-3,69,2.1,11.9
1991,12,29,2.634,13.3,-3,81,2.1,11.9
1991,12,30,2.434,11.9,-3,86,2.1,10.4
1991,12,31,1.334,11.9,-4,90,2.1,7.4
1992,1,1,1.234,10.1,-4,85,2.1,8.5
1992,1,2,6.534,14.5,2,75,2.1,12.5
1992,1,3,6.334,12.9,0,77,2.1,12.2
1992,1,4,2.434,12.9,-2,87,2.1,12
1992,1,5,1.934,10.9,-3,84,2.1,11.4
1992,1,6,1.934,12.9,-4,84,2.1,12.2
1992,1,7,3.634,10.9,-1,88,2.1,12.3
1992,1,8,8.634,15.9,5,86,2.86,11.1
1992,1,9,7.134,12.1,4,79,2.61,12.3
1992,1,10,3.734,11.3,0,74,2.1,12.2
1992,1,11,2.934,8.9,-1,80,2.1,13
1992,1,12,2.734,9.9,-2,81,2.1,12.2
1992,1,13,1.634,9.9,-4.4,76,2.1,11.5
1992,1,14,5.234,11.9,2,80,2.1,12.7
1992,1,15,3.834,14.9,-2,82,2.1,11.4
1992,1,16,2.434,12.5,-3,83,2.1,11.1
1992,1,17,2.534,17.3,-4,78,2.1,10.6
1992,1,18,1.034,9.9,-4,#VALUE!,2.1,8.2
1992,1,19,-1.066,3.9,-5,101,2.1,2.8
1992,1,20,-0.466,4.9,-2,95,2.1,3.8
1992,1,21,1.334,10.9,-5,74,2.1,9
1992,1,22,2.734,8.9,-2,59,2.1,12.7
1992,1,23,0.134,4.9,-4,69,2.1,12.8
1992,1,24,1.534,12.9,-5,75,2.1,12
1992,1,25,3.934,15.3,-3,65,2.1,11.7
1992,1,26,5.234,13.9,0,64,2.1,12.2
1992,1,27,4.034,10.9,-1.4,61,2.1,11.5
1992,1,28,3.034,12.9,-3,64,2.1,12.2
1992,1,29,4.434,13.4,-3,65,2.1,12.3
1992,1,30,3.634,13.9,-3,71,2.1,11.5
1992,1,31,5.234,14.9,-1,65,2.1,11.9
1992,2,1,3.434,16.4,-4,67,2.1,12.2
1992,2,2,3.834,17.1,-4,60,2.1,11.4
1992,2,3,3.434,16.3,-4,65,2.1,10.6
1992,2,4,4.934,21.6,-5,54,2.1,12.3
1992,2,5,7.534,22.9,-4.5,46,2.1,11.5
1992,2,6,7.934,20.7,0,53,2.1,11.4
1992,2,7,6.234,20.1,-3,63,2.1,11.4
1992,2,8,4.634,15.9,-2,74,2.1,10.6
1992,2,9,4.434,15.9,-3,73,2.1,10.1
1992,2,10,4.934,15.9,-2,73,2.1,11.4
1992,2,11,6.434,17.3,0,74,2.1,10.9
1992,2,12,6.834,16.5,0,82,2.1,10.6
1992,2,13,9.134,15.3,3,56,4.13,12.7
1992,2,14,5.334,15.3,-1,71,2.1,11.5
1992,2,15,6.234,18.3,-1,68,2.1,9.4
1992,2,16,7.634,18.9,0,60,2.1,11.5
1992,2,17,8.434,17.9,2,49,2.1,11.4
1992,2,18,7.234,12.9,4,58,2.1,12.2
1992,2,19,3.234,6.9,0,83,7.18,11.2
1992,2,20,3.934,9.9,-1,68,6.16,12
1992,2,21,2.934,12.9,-3,55,2.1,11.5
1992,2,22,3.134,13.4,-3,65,2.1,11.4
1992,2,23,4.634,16.9,-3,62,2.1,11.4
1992,2,24,5.634,10.9,2,75,2.1,12.7
1992,2,25,6.834,12.9,4,83,7.43,9.8
1992,2,26,6.434,14.9,1,72,2.1,9.1
1992,2,27,5.834,15.9,0,65,2.1,9.9
1992,2,28,7.234,16.9,0,#VALUE!,2.1,11.4
1992,2,29,8.234,15.4,3,67,2.1,12.3
1992,3,1,9.634,14.9,7,69,2.1,12.5
1992,3,2,10.334,14.9,8,69,2.1,12.5
1992,3,3,10.234,16.9,6,63,2.1,11.4
1992,3,4,9.134,15.9,5,68,2.1,11.2
1992,3,5,10.334,16.9,5,62,2.1,9.6
1992,3,6,10.534,20.9,4,51,2.1,11.4
1992,3,7,10.734,23.2,-0.8,50,2.1,10.9
1992,3,8,12.734,21.9,5,51,2.1,12
1992,3,9,10.034,19.9,1,44,2.1,11.5
1992,3,10,8.134,19.1,0,61,2.1,11.1
1992,3,11,10.134,20.5,2,57,2.1,11.5
1992,3,12,10.334,20.3,2,50,2.1,11.4
1992,3,13,9.634,21.4,1,51,2.1,11.7
1992,3,14,11.234,22.3,1,52,2.1,11.5
1992,3,15,12.434,22.9,4,54,2.1,11.4
1992,3,16,13.434,25.9,3,44,2.1,11.2
1992,3,17,12.634,25.4,2,44,2.1,11.9
1992,3,18,13.334,23.9,4,48,2.1,12.5
1992,3,19,14.734,24.5,6,44,2.1,12.2
1992,3,20,14.734,26.7,5,46,2.1,13
1992,3,21,16.434,28.3,7,39,2.1,11.7
1992,3,22,16.434,25.9,11,41,2.1,12.2
1992,3,23,13.834,23.9,4,51,2.1,12.3
1992,3,24,7.034,14.1,4,60,2.35,13.1
1992,3,25,6.334,13.1,2,56,2.1,13
1992,3,26,7.034,14.9,2,58,2.1,12.3
1992,3,27,6.634,12.5,4,56,2.1,12.8
1992,3,28,7.834,14.9,4,51,2.1,12.3
1992,3,29,7.134,16.9,-2,56,2.1,12.2
1992,3,30,6.434,11.9,3,80,7.43,10.4
1992,3,31,5.634,12.4,2,72,4.64,12.5
1992,4,1,7.134,12.9,2,73,2.1,12.5
1992,4,2,10.334,15.1,8,84,5.15,11.9
1992,4,3,9.034,16.2,8,81,9.97,11.5
1992,4,4,9.234,13.9,8,81,9.21,11.7
1992,4,5,9.434,15.9,4,53,3.12,12.3
1992,4,6,7.434,17.9,0,60,2.1,12.3
1992,4,7,10.934,17.5,5.6,60,2.61,12.7
1992,4,8,9.634,15.1,7,53,2.1,12.5
1992,4,9,11.534,19.3,6,55,2.1,12.7
1992,4,10,11.534,19.9,6,51,2.1,12.2
1992,4,11,12.034,24.4,2,46,2.1,11.2
1992,4,12,13.234,23.7,3,41,2.1,11.7
1992,4,13,12.834,20.9,7,52,2.1,12.7
1992,4,14,14.434,24.3,6,50,2.1,12.5
1992,4,15,14.934,21.7,11,45,2.1,12.5
1992,4,16,10.134,15.3,6,47,2.1,12.2
1992,4,17,10.534,20.1,5,51,2.1,12.3
1992,4,18,16.734,26.5,11,49,2.1,11.4
1992,4,19,16.434,27.9,6.5,40,2.1,11.4
1992,4,20,16.634,29.4,7,45,2.1,11.7
1992,4,21,18.234,29.7,8,40,2.1,12
1992,4,22,18.634,28.5,8,44,2.1,12.3
1992,4,23,17.634,29.4,7,45,2.1,11.7
1992,4,24,17.434,28.9,7,48,2.1,11.4
1992,4,25,17.734,28.7,8,48,2.1,11.5
1992,4,26,18.634,29.5,9,42,2.1,11.7
1992,4,27,19.734,30.7,9,42,2.1,12.5
1992,4,28,17.934,28.4,10,46,2.1,12.2
1992,4,29,12.634,20.1,6,46,2.1,12
1992,4,30,15.434,25.5,7,50,2.1,13
1992,5,1,18.834,28.3,9,50,2.1,12.8
1992,5,2,12.234,21.3,7,54,9.21,12
1992,5,3,11.234,19.4,6,46,2.1,12.3
1992,5,4,14.134,23.3,7,49,2.1,13.5
1992,5,5,15.734,24.9,9.8,52,2.1,12.8
1992,5,6,15.534,25.3,10,52,2.61,13.1
1992,5,7,16.934,26.9,10.5,51,2.1,11.9
1992,5,8,18.034,27.3,11,46,2.1,11.7
1992,5,9,19.734,30.1,10,42,2.1,12.2
1992,5,10,21.234,31.3,11,37,2.1,11.7
1992,5,11,20.834,30.9,11,39,2.1,12
1992,5,12,21.434,32.5,13,45,2.1,11.9
1992,5,13,22.634,32.1,14,42,2.1,11.5
1992,5,14,20.734,29.5,15.8,55,3.12,12.3
1992,5,15,22.134,33.5,14,47,2.1,12
1992,5,16,23.934,34.1,14.6,38,2.1,13.1
1992,5,17,23.734,33.9,14,39,2.1,12.8
1992,5,18,22.134,31.3,16,46,2.1,12.2
1992,5,19,21.934,32.9,13,46,2.1,12.2
1992,5,20,20.034,28.7,15,53,6.16,12.5
1992,5,21,20.734,32.5,13,52,2.1,12.7
1992,5,22,20.334,28.4,15,52,2.1,12.7
1992,5,23,16.534,24.4,14,64,5.15,12.2
1992,5,24,16.634,25.2,12,58,3.12,12.5
1992,5,25,18.234,27.7,10,48,2.1,11.5
1992,5,26,21.434,29.5,16,44,2.1,12
1992,5,27,18.834,26.9,14.4,53,2.1,12.7
1992,5,28,15.134,17.9,15,78,2.1,12.2
1992,5,29,15.534,20.1,14.8,89,14.04,10.3
1992,5,30,17.434,25.1,15,71,13.02,10.7
1992,5,31,17.734,24.4,16,58,2.1,12.2
1992,6,1,15.134,19.9,14,69,5.15,12.3
1992,6,2,16.134,22.5,13,65,2.61,12.5
1992,6,3,15.934,23.9,11,55,2.1,12.7
1992,6,4,15.134,20.9,12,49,101.16,12.5
1992,6,5,14.334,22.9,8,52,2.1,12.8
1992,6,6,14.134,21.5,10,58,2.1,12.3
1992,6,7,14.634,20.5,11.6,60,2.1,12.3
1992,6,8,16.734,24.3,12.4,54,2.1,12.2
1992,6,9,15.434,22.4,13,52,3.12,12.5
1992,6,10,14.434,22.9,9,48,2.1,12.7
1992,6,11,15.934,26.9,8,49,2.1,12.8
1992,6,12,17.834,25.1,15,57,2.1,12.5
1992,6,13,15.434,23.5,13,70,4.13,11.5
1992,6,14,16.834,25.7,13.6,72,15.05,10.9
1992,6,15,15.734,19.9,14,76,14.04,11.2
1992,6,16,17.034,24.1,14.8,72,8.2,12
1992,6,17,20.034,28.7,15.8,58,3.12,12.5
1992,6,18,21.234,28.1,16,55,2.1,12.3
1992,6,19,19.734,30.4,13,47,2.1,11.4
1992,6,20,16.534,22.7,12,46,2.1,12.2
1992,6,21,17.034,26.3,11,54,2.1,12.8
1992,6,22,14.634,18.9,13,84,12.01,11.1
1992,6,23,14.634,21.5,11.6,68,4.13,12.2
1992,6,24,18.234,25.5,12,54,2.1,12.2
1992,6,25,20.834,29.9,13,47,2.1,12
1992,6,26,22.234,31.5,16,48,2.1,12
1992,6,27,23.734,32.3,16,46,2.1,11.9
1992,6,28,24.634,31.9,17,48,2.1,12.2
1992,6,29,23.634,31.9,18,48,2.1,12
1992,6,30,22.734,28.3,21,50,2.1,12.7
1992,7,1,21.234,28.9,16,52,2.1,12.7
1992,7,2,22.134,31.7,14,52,2.1,12.7
1992,7,3,25.334,35.4,16.8,45,2.1,12.2
1992,7,4,24.134,32.5,18.6,44,2.1,12
1992,7,5,20.034,26.3,15,50,2.1,12.8
1992,7,6,19.734,28.2,13.8,51,2.1,13
1992,7,7,20.834,29.4,15,50,2.1,12.7
1992,7,8,22.334,31.3,16.5,48,2.1,12
1992,7,9,24.734,32.9,17.6,43,2.1,12.7
1992,7,10,23.834,31.9,19.5,45,2.1,12.3
1992,7,11,23.234,33.4,14,47,2.1,12.2
1992,7,12,25.634,36.9,17,41,2.1,11.4
1992,7,13,27.034,37.9,18,43,2.1,12.2
1992,7,14,28.734,39.1,20,39,2.1,12.7
1992,7,15,26.134,38.3,21,45,2.1,11.9
1992,7,16,25.734,34.9,18,48,3.12,12.2
1992,7,17,27.834,37.9,18,41,2.1,12.8
1992,7,18,28.934,38.9,20,38,2.1,11.9
1992,7,19,28.634,38.5,20,37,2.1,12
1992,7,20,29.234,38.9,22,38,2.1,12.5
1992,7,21,25.734,30.9,21,42,2.1,11.4
1992,7,22,26.034,34.9,19,42,2.1,13
1992,7,23,27.634,38.4,19.6,42,2.1,12
1992,7,24,27.634,38.1,19,40,2.1,11.9
1992,7,25,28.034,38.5,19.6,42,2.1,11.9
1992,7,26,29.934,36.9,23,39,2.1,12
1992,7,27,29.734,40.4,21,36,2.1,12.7
1992,7,28,28.834,41.7,22,41,2.1,12.5
1992,7,29,28.134,38.9,22.4,48,2.1,12.5
1992,7,30,25.934,36.7,21,56,2.35,12.5
1992,7,31,26.934,36.4,19.6,52,13.02,12.3
1992,8,1,27.734,37.9,21.8,54,2.1,12.7
1992,8,2,27.534,37.7,22,55,9.21,12.5
1992,8,3,26.934,34.9,22,58,7.18,12.7
1992,8,4,28.934,39.4,21,48,3.12,12.3
1992,8,5,29.834,40.1,23,45,2.1,12
1992,8,6,30.734,40.1,24,42,2.1,13
1992,8,7,30.734,39.9,25,41,2.1,12.3
1992,8,8,26.034,29.9,20,49,2.1,12.7
1992,8,9,21.434,29.1,15.4,47,2.1,12.2
1992,8,10,23.134,30.9,13.6,44,2.1,11.7
1992,8,11,24.334,33.3,16,43,2.1,11.7
1992,8,12,24.834,33.9,15.6,42,2.1,11.7
1992,8,13,26.734,36.7,17.5,38,2.1,11.7
1992,8,14,26.934,35.7,17.4,36,2.1,12.2
1992,8,15,26.734,33.9,19.6,42,2.1,12.8
1992,8,16,27.834,37.7,19.2,42,2.1,11.7
1992,8,17,28.834,38.9,20,39,2.1,11.4
1992,8,18,29.434,38.9,21,39,2.1,12.7
1992,8,19,24.334,33.9,21,63,18.1,12.7
1992,8,20,23.134,29.9,19,54,2.1,12.8
1992,8,21,23.734,31.9,15.2,44,2.1,12.2
1992,8,22,25.234,33.7,16.4,44,2.1,11.9
1992,8,23,25.934,35.9,18,42,2.1,11.4
1992,8,24,28.134,38.9,17,39,2.1,12.2
1992,8,25,30.834,40.9,22,38,2.1,13
1992,8,26,28.634,36.7,22.4,39,2.1,11.4
1992,8,27,26.334,35.9,16.2,36,2.1,11.9
1992,8,28,23.234,33.4,15,45,2.1,11.9
1992,8,29,19.234,24.9,15.4,53,6.16,12.5
1992,8,30,19.434,26.9,13.5,57,2.1,12.2
1992,8,31,19.234,24.1,15,63,2.1,12.8
1992,9,1,17.634,26.9,11,46,2.1,11.4
1992,9,2,21.234,31.9,11.4,42,2.1,11.4
1992,9,3,23.134,33.1,13,42,2.1,11.4
1992,9,4,24.334,34.3,14.6,43,2.1,12.2
1992,9,5,24.234,33.9,16.4,50,2.1,12.2
1992,9,6,25.934,35.9,17.5,46,2.1,12.2
1992,9,7,25.834,34.9,18.4,43,2.1,12.5
1992,9,8,23.134,29.3,16.2,46,2.1,12.5
1992,9,9,22.034,28.9,15.2,54,2.1,12.7
1992,9,10,23.634,32.6,18,49,2.1,12.5
1992,9,11,22.134,32.1,13.8,42,2.1,11.5
1992,9,12,22.734,33.9,15,50,2.1,11.5
1992,9,13,24.434,33.9,17.4,48,2.1,12
1992,9,14,23.834,35.5,13,39,2.1,11.7
1992,9,15,24.234,35.9,13.8,40,2.1,11.5
1992,9,16,25.734,36.9,15,40,2.1,11.9
1992,9,17,26.134,34.9,18,47,2.1,11.4
1992,9,18,23.934,33.7,14.6,42,2.1,11.4
1992,9,19,23.534,33.9,15.4,44,2.1,12
1992,9,20,22.334,32.5,14.8,44,2.1,12.5
1992,9,21,20.834,28.5,13.6,46,2.1,11.9
1992,9,22,17.934,23.4,13.4,54,2.1,13.1
1992,9,23,17.234,25.9,9,53,2.1,12.8
1992,9,24,18.634,27.9,10.6,55,2.1,11.9
1992,9,25,20.734,28.9,13.4,59,2.1,12.2
1992,9,26,16.434,22.3,12.4,75,7.18,12.7
1992,9,27,14.634,20.2,11.2,64,12.01,12.5
1992,9,28,15.534,23.1,9,57,2.1,11.9
1992,9,29,17.334,26.3,9.6,59,2.1,11.9
1992,9,30,18.934,26.9,12.6,59,2.1,11.9
1992,10,1,19.534,28.7,13,54,2.1,12.2
1992,10,2,20.234,28.3,14,53,2.1,12.5
1992,10,3,22.134,29.1,19,47,2.1,12.5
1992,10,4,16.634,22.9,13,47,2.1,12.7
1992,10,5,16.634,22.9,14.6,51,2.1,12.8
1992,10,6,15.734,20.9,12.8,53,2.1,12.5
1992,10,7,14.734,23.2,7,56,2.1,12.2
1992,10,8,15.734,22.1,12,64,2.61,12.7
1992,10,9,14.234,18.9,13.8,78,3.12,10.6
1992,10,10,13.934,18.5,12,75,6.16,11.9
1992,10,11,11.834,13.9,11.8,93,21.15,9.6
1992,10,12,12.934,17.4,10.5,77,22.17,12.3
1992,10,13,13.634,18.9,10.8,70,2.1,12
1992,10,14,12.734,19.5,7,68,2.1,10.3
1992,10,15,11.334,15.9,7.4,81,2.1,10.3
1992,10,16,14.234,17.9,11.6,90,12.01,8
1992,10,17,13.634,18.4,10.6,63,9.21,12.7
1992,10,18,11.334,15.9,6.4,70,2.1,12.3
1992,10,19,12.434,17.1,10.6,86,16.07,10.9
1992,10,20,13.334,18.5,9.8,67,2.1,10.3
1992,10,21,10.834,16.4,7,61,2.1,12.2
1992,10,22,9.834,15.5,2,64,2.1,12
1992,10,23,15.834,20.4,12,60,2.1,13.5
1992,10,24,16.234,20.9,11,60,2.1,12.5
1992,10,25,13.334,21.9,7,69,2.1,12.2
1992,10,26,12.734,18.9,5.4,66,2.1,12
1992,10,27,14.634,19.1,12.6,81,2.1,10.6
1992,10,28,17.134,20.9,15.4,77,3.12,12.7
1992,10,29,16.834,20.3,16,78,3.12,12.3
1992,10,30,14.034,17.9,9,77,6.16,12
1992,10,31,9.334,12.9,7,60,2.61,13.5
1992,11,1,10.034,13.9,7,48,2.1,13
1992,11,2,9.334,17.9,3,66,2.1,12.5
1992,11,3,13.634,20.4,9.8,70,2.1,10.6
1992,11,4,13.534,21.9,8,73,2.1,11.4
1992,11,5,14.534,22.9,9.4,71,2.1,11.7
1992,11,6,14.034,22.6,8,74,2.1,11.1
1992,11,7,14.034,23.9,7.8,69,2.1,11.7
1992,11,8,14.134,23.3,9,63,2.1,11.5
1992,11,9,12.334,19.9,6.6,69,2.1,12
1992,11,10,12.534,19.9,7.4,78,2.1,10.3
1992,11,11,12.834,19.9,7.4,81,2.1,7.5
1992,11,12,14.234,18.9,9,58,2.1,13
1992,11,13,12.934,20.9,6,67,2.1,12.2
1992,11,14,12.734,16.9,9,78,2.1,9.1
1992,11,15,12.234,14.9,10,74,5.15,12
1992,11,16,9.634,14.9,5,63,2.1,12
1992,11,17,13.034,18.5,7.4,59,2.1,12.7
1992,11,18,14.834,19.9,9,62,2.1,12.5
1992,11,19,10.434,18.9,5.4,73,2.1,10.9
1992,11,20,9.934,18.9,4.6,74,2.1,10.9
1992,11,21,9.134,18.9,3.4,76,2.1,9.8
1992,11,22,8.934,19.9,2.8,70,2.1,9.9
1992,11,23,8.334,19.3,1.6,69,2.1,11.7
1992,11,24,8.334,18.2,1.2,69,2.1,10.7
1992,11,25,9.634,16.9,3.4,80,2.1,9.1
1992,11,26,12.834,16.9,8,80,2.1,9
1992,11,27,8.734,17.1,5,86,2.1,5.3
1992,11,28,9.134,18.9,2.1,78,2.1,7.7
1992,11,29,7.834,15.6,4,84,2.1,7.2
1992,11,30,7.234,10.9,3.8,88,2.1,6.1
1992,12,1,8.634,12.3,6,88,2.35,5.6
1992,12,2,12.534,14.9,10.8,84,2.1,9.8
1992,12,3,12.834,15.9,12,72,2.1,11.4
1992,12,4,11.734,15.1,10.4,81,5.15,10.7
1992,12,5,10.934,14.1,9.4,56,4.13,12.8
1992,12,6,11.234,14.9,8.2,81,2.61,11.5
1992,12,7,11.334,14.9,9,62,2.1,12.5
1992,12,8,8.234,14.4,3,54,2.1,12.7
1992,12,9,10.834,14.9,9,59,2.1,12.5
1992,12,10,8.734,12.9,6,61,2.35,12.3
1992,12,11,5.834,12.9,1.8,65,2.1,11.4
1992,12,12,5.334,13.9,0,67,2.1,11.4
1992,12,13,7.334,16.9,1.4,77,2.1,13.5
1992,12,14,6.634,13.9,1.8,76,2.1,11.4
1992,12,15,7.934,11.9,5,80,2.1,12.7
1992,12,16,9.234,10.9,8,86,8.7,11.5
1992,12,17,7.134,12.9,2.4,80,3.12,10.1
1992,12,18,6.934,10.9,5,86,2.1,9.3
1992,12,19,7.634,14.5,3.4,80,2.1,12.2
1992,12,20,8.534,14.9,3.4,79,2.1,12.7
1992,12,21,8.234,12.9,6,87,2.1,11.1
1992,12,22,8.634,14.9,4.8,82,2.1,12
1992,12,23,9.934,12.9,9,82,2.1,11.4
1992,12,24,9.634,13.9,9,84,2.1,12.5
1992,12,25,10.234,12.9,9.2,78,2.35,12.7
1992,12,26,10.734,14.9,9,73,3.12,12.5
1992,12,27,10.134,12.9,8,76,2.1,12.7
1992,12,28,6.334,9.9,4,89,2.1,7.5
1992,12,29,3.934,10.1,1,87,2.1,8.2
1992,12,30,3.134,9.7,-0.4,77,2.1,9.9
1992,12,31,1.634,8.9,-1.8,79,2.1,10.1
1993,1,1,1.934,10.4,-3,77,2.1,11.4
1993,1,2,1.634,10.1,-2,75,2.1,11.4
1993,1,3,0.934,9.3,-3.6,79,2.1,9.9
1993,1,4,0.734,5.9,-3,85,2.1,6.7
1993,1,5,4.734,13.9,-1,77,2.1,10.7
1993,1,6,5.234,13.9,0.4,76,2.1,9.3
1993,1,7,5.734,14.4,0,77,2.1,7.7
1993,1,8,5.734,15.9,0.2,77,2.1,7.2
1993,1,9,5.334,14.9,0.6,78,2.1,9.1
1993,1,10,3.634,11.9,-1.6,85,2.1,4.1
1993,1,11,3.134,5.1,1.8,93,2.1,3.5
1993,1,12,5.534,7.9,4.4,90,2.1,4.3
1993,1,13,8.434,12.4,7,90,2.1,6.4
1993,1,14,6.734,15.1,3,86,2.1,8.6
1993,1,15,5.934,14.3,1.2,77,2.1,10.7
1993,1,16,4.234,12.1,0,82,2.1,8.5
1993,1,17,4.034,11.9,-0.6,83,2.1,9.9
1993,1,18,3.834,14.9,-2.2,73,2.1,8.3
1993,1,19,4.734,15.9,-1,66,2.1,11.4
1993,1,20,4.934,15.3,-1.2,70,2.1,11.1
1993,1,21,5.334,15.9,-0.8,66,2.1,11.4
1993,1,22,5.034,16.9,-1,60,2.1,11.4
1993,1,23,5.234,16.9,-1.8,61,2.1,11.5
1993,1,24,4.834,16.5,-2.6,63,2.1,11.5
1993,1,25,5.234,15.9,-3.2,60,2.1,12
1993,1,26,9.134,17.9,3,57,2.1,11.5
1993,1,27,4.834,16.1,-2,63,2.1,11.5
1993,1,28,4.434,13.3,-1.6,72,2.1,9.6
1993,1,29,5.634,12.5,1.4,80,2.1,8.6
1993,1,30,7.834,13.3,4.4,74,2.1,12.5
1993,1,31,9.934,15.3,8,70,2.1,12.5
1993,2,1,10.434,16.4,6.5,64,2.1,12.7
1993,2,2,10.234,14.9,7,64,2.1,12.7
1993,2,3,7.134,14.4,2,62,2.1,12.8
1993,2,4,7.534,13.9,3,67,2.1,12.7
1993,2,5,8.634,12.9,7.4,74,2.1,12.7
1993,2,6,8.734,12.9,6,77,2.35,12.5
1993,2,7,8.834,15.1,5.8,71,2.1,12.5
1993,2,8,7.134,15.2,2,68,2.1,12.5
1993,2,9,6.434,15.5,-0.4,68,2.1,11.5
1993,2,10,7.334,11.9,4,84,3.12,12
1993,2,11,8.734,11.9,8.6,92,12.01,9.8
1993,2,12,9.134,13.4,7,82,12.01,12.2
1993,2,13,8.934,13.9,6,74,2.1,12.7
1993,2,14,9.334,13.9,6,72,2.1,12.5
1993,2,15,8.134,16.9,3,65,2.1,12
1993,2,16,8.434,15.9,2,51,2.1,11.5
1993,2,17,8.734,16.3,2.4,57,2.1,11.7
1993,2,18,8.334,18.2,1.4,67,2.1,11.4
1993,2,19,8.634,18.3,2.6,69,2.1,11.1
1993,2,20,9.834,18.9,3,48,2.1,11.4
1993,2,21,8.934,20.9,1,52,2.1,11.4
1993,2,22,8.934,15.1,6,55,2.1,12.3
1993,2,23,5.434,11.5,2.2,53,2.1,12.2
1993,2,24,4.734,13.9,-1,42,2.1,12.2
1993,2,25,3.834,12.9,-3.2,49,2.1,11.7
1993,2,26,6.534,14.3,0,54,2.1,12.5
1993,2,27,6.934,10.3,4.8,59,2.1,13
1993,2,28,3.834,8.9,0,54,2.1,12.7
1993,3,1,1.834,7.6,-1.6,55,2.1,13
1993,3,2,5.234,10.3,1.8,61,2.61,12.2
1993,3,3,6.334,14.5,0.4,56,2.1,12
1993,3,4,6.634,14.9,-1,54,2.1,11.7
1993,3,5,8.334,17.5,2,47,2.1,11.4
1993,3,6,7.434,16.9,-0.4,58,2.1,11.4
1993,3,7,9.734,20.3,0,52,2.1,12.2
1993,3,8,9.234,20.5,0,52,2.1,11.4
1993,3,9,8.834,18.9,0.6,60,2.1,12
1993,3,10,11.134,15.9,9,72,#VALUE!,11.2
1993,3,11,10.434,13.9,9,77,3.12,12.2
1993,3,12,10.634,17.1,9,77,2.61,12
1993,3,13,9.934,13.5,8,78,3.12,11.7
1993,3,14,9.634,15.9,9,91,15.05,10.9
1993,3,15,11.534,16.7,10,74,2.1,12
1993,3,16,12.634,20.9,6,65,2.1,12.5
1993,3,17,13.134,22.9,6,60,2.1,11.7
1993,3,18,14.634,25.4,6,46,2.1,12.2
1993,3,19,14.934,23.3,8.4,53,2.1,12.2
1993,3,20,15.334,23.5,8.8,63,2.1,12
1993,3,21,15.434,22.4,10.5,59,3.12,12.2
1993,3,22,14.634,20.9,8,61,2.1,12.8
1993,3,23,15.134,20.9,12,68,2.1,12.5
1993,3,24,11.234,19.1,8,78,7.18,12.2
1993,3,25,8.934,15.3,6,45,2.1,11.9
1993,3,26,8.934,18.9,0.2,41,2.1,11.4
1993,3,27,10.434,21.9,1,42,2.1,12.3
1993,3,28,11.834,21.4,2,47,2.1,11.9
1993,3,29,12.334,21.9,4,49,2.1,12
1993,3,30,12.934,22.9,4,50,2.1,11.7
1993,3,31,14.234,23.9,5.4,50,2.1,11.9
1993,4,1,12.034,16.3,8,49,2.1,12.5
1993,4,2,9.434,16.9,2,50,2.1,13
1993,4,3,12.434,19.4,6.5,56,2.1,12.3
1993,4,4,14.734,20.9,11,56,2.1,12.7
1993,4,5,14.134,23.9,7,51,2.1,13.6
1993,4,6,15.234,25.9,6,54,2.1,12.2
1993,4,7,17.634,27.3,9.6,51,2.1,11.5
1993,4,8,18.834,28.4,8.4,46,2.1,12.2
1993,4,9,18.234,25.3,13,49,2.1,12.5
1993,4,10,15.534,20.9,12,51,2.1,12.3
1993,4,11,12.734,17.9,10.4,52,2.1,13
1993,4,12,9.734,16.1,7,71,5.66,12
1993,4,13,9.734,16.4,6,69,4.13,12.8
1993,4,14,9.734,16.9,7,66,2.1,12.7
1993,4,15,10.134,17.3,3,55,2.1,13.1
1993,4,16,11.434,18.9,5.4,46,2.1,12.2
1993,4,17,12.134,20.9,1.9,42,2.1,12.5
1993,4,18,13.834,24.6,3.4,39,2.1,11.5
1993,4,19,15.334,25.9,5.8,42,2.1,11.9
1993,4,20,15.934,26.4,5.5,43,2.1,11.9
1993,4,21,13.534,16.9,10,61,2.61,12.8
1993,4,22,13.634,22.4,5.8,57,2.1,12.8
1993,4,23,11.834,20.9,6,65,2.1,12.7
1993,4,24,7.234,12.5,7,88,6.16,12.8
1993,4,25,8.234,13.7,6,83,5.66,12
1993,4,26,8.134,15.4,5,75,9.21,12.5
1993,4,27,10.534,17.9,7,70,5.15,12.3
1993,4,28,10.834,17.9,4.2,67,2.1,12.7
1993,4,29,12.134,16.9,10,72,2.1,12.8
1993,4,30,12.634,18.4,7.5,66,2.1,12.7
1993,5,1,13.234,19.7,9,67,2.61,11.9
1993,5,2,15.434,21.9,10,58,2.1,12.7
1993,5,3,16.034,22.9,9.5,63,3.12,12.7
1993,5,4,14.834,22.4,11,62,2.61,12.8
1993,5,5,17.434,25.4,11.5,50,2.1,12.5
1993,5,6,16.634,24.9,9,55,2.1,12.5
1993,5,7,17.834,26.1,11.8,58,2.1,12
1993,5,8,18.134,29.4,11.5,55,2.1,12.7
1993,5,9,17.834,27.5,11.4,60,3.12,12.7
1993,5,10,16.834,22.9,14,62,9.21,12.7
1993,5,11,15.134,21.4,11,68,2.35,13
1993,5,12,14.734,22.3,9,66,2.1,13
1993,5,13,15.234,20.5,13.4,70,2.35,12.5
1993,5,14,16.634,22.9,13,60,2.35,12.7
1993,5,15,17.034,25.9,14,56,2.1,12.7
1993,5,16,17.134,25.5,8.5,53,2.1,12.5
1993,5,17,15.634,26.9,11,68,4.13,11.7
1993,5,18,15.434,20.3,12,64,7.43,12.5
1993,5,19,13.634,18.7,10,54,2.1,12.5
1993,5,20,13.534,20.1,8,47,2.1,12.7
1993,5,21,15.334,25.4,5,45,2.1,11.9
1993,5,22,17.734,25.4,10.8,50,2.1,12.3
1993,5,23,17.234,24.3,11.4,65,2.1,12.3
1993,5,24,16.934,21.4,14,80,8.2,12.2
1993,5,25,15.834,20.9,15,82,22.17,11.5
1993,5,26,15.334,20.1,14,73,3.12,11.7
1993,5,27,16.034,21.9,13.2,64,10.99,12.8
1993,5,28,16.434,24.4,9.5,57,2.1,12.2
1993,5,29,19.034,27.4,10.5,51,2.1,12.5
1993,5,30,19.334,25.3,15.2,50,2.1,12.5
1993,5,31,20.334,29.9,11.6,48,2.1,12.2
1993,6,1,21.234,28.9,14,49,2.1,12.3
1993,6,2,20.234,27.9,13,47,2.1,12
1993,6,3,22.134,30.9,13.4,43,2.1,12
1993,6,4,22.434,31.9,13,46,2.1,12.5
1993,6,5,19.934,28.6,16,62,2.1,12.2
1993,6,6,19.234,24.9,15.8,67,25.21,12.3
1993,6,7,18.334,22.9,16.6,73,9.97,12.5
1993,6,8,18.534,23.9,16.5,75,6.16,12.7
1993,6,9,19.634,25.9,15,67,2.61,11.9
1993,6,10,17.734,21.9,15,61,6.42,12.5
1993,6,11,17.434,22.9,12,49,2.1,12.8
1993,6,12,17.934,25.9,10.6,53,2.1,11.5
1993,6,13,20.334,28.5,12.5,47,2.1,12.2
1993,6,14,22.134,30.9,14,43,2.1,11.5
1993,6,15,24.734,33.1,16.5,47,2.1,11.7
1993,6,16,24.934,33.9,16,43,2.1,11.5
1993,6,17,25.934,35.9,16,39,2.1,13.6
1993,6,18,25.134,35.7,17,50,2.1,11.9
1993,6,19,24.934,34.7,18,51,3.12,12.2
1993,6,20,25.634,34.5,18,45,2.1,13.1
1993,6,21,22.434,27.9,19,50,2.1,13
1993,6,22,19.934,24.9,17,56,2.1,12.8
1993,6,23,22.134,28.9,18,50,2.1,13
1993,6,24,23.434,31.9,14.8,48,2.1,12.5
1993,6,25,22.934,28.4,19.5,54,2.1,12.8
1993,6,26,25.634,35.4,16,45,2.1,12
1993,6,27,27.034,36.4,17.2,40,2.1,11.5
1993,6,28,24.534,28.9,21.5,46,2.1,12
1993,6,29,22.034,28.3,18,53,2.1,13.6
1993,6,30,21.634,29.7,17.6,57,2.1,12.7
1993,7,1,20.934,26.9,16.8,60,2.1,12.5
1993,7,2,20.834,27.9,15,53,2.1,13.8
1993,7,3,21.634,29.4,16,55,2.1,17.2
1993,7,4,23.134,29.4,12,60,2.1,17
1993,7,5,25.334,33.7,18.6,51,2.1,14.4
1993,7,6,24.634,32.4,16.5,48,2.1,15.1
1993,7,7,24.334,34.9,14.5,36,2.1,13.1
1993,7,8,26.934,36.5,19,41,2.1,13.1
1993,7,9,27.634,36.9,20,41,2.1,13.5
1993,7,10,22.934,28.4,18,45,2.1,12.8
1993,7,11,19.534,28.4,12.2,43,2.1,16.8
1993,7,12,22.834,32.1,14.6,39,2.1,15.7
1993,7,13,25.134,35.9,17,42,2.1,14.8
1993,7,14,27.134,37.1,17.8,41,2.1,14.4
1993,7,15,28.734,38.9,20.2,40,2.1,13.1
1993,7,16,29.834,39.7,21.2,36,2.1,13
1993,7,17,29.434,38.9,20,32,2.1,15.1
1993,7,18,28.834,38.5,19,36,2.1,13
1993,7,19,27.534,37.4,20,42,2.1,14.4
1993,7,20,23.534,31.1,18.8,44,2.1,16.2
1993,7,21,22.134,30.9,15,43,2.1,16.4
1993,7,22,25.734,35.9,14.5,39,2.1,13.5
1993,7,23,27.634,37.3,18.4,41,2.1,15.1
1993,7,24,29.434,38.1,21.6,38,2.1,12.2
1993,7,25,28.434,38.9,18,36,2.1,14.1
1993,7,26,27.734,38.4,20,46,2.1,13
1993,7,27,28.934,37.9,21,41,2.1,14
1993,7,28,31.234,40.9,20,40,2.1,13.6
1993,7,29,31.934,40.9,23.6,36,2.1,13.6
1993,7,30,27.834,35.7,20.4,42,2.1,12
1993,7,31,25.234,33.9,18,49,2.1,12.2
1993,8,1,28.134,36.3,23,46,2.1,13.5
1993,8,2,27.734,36.4,19,43,2.1,12.7
1993,8,3,28.734,38.4,19,37,2.1,12.3
1993,8,4,27.734,38.9,17.3,41,2.1,13.5
1993,8,5,28.734,40.7,21.2,50,2.1,12
1993,8,6,26.234,37.9,21,57,#VALUE!,11.7
1993,8,7,26.234,35.9,18,44,6.16,13.8
1993,8,8,26.334,35.9,16.2,41,2.1,12.5
1993,8,9,26.634,35.7,19.4,44,2.1,16.2
1993,8,10,28.234,37.9,18.4,37,2.1,14.4
1993,8,11,28.934,38.1,21,42,2.1,16.2
1993,8,12,30.434,38.1,24,35,2.1,13
1993,8,13,28.234,38.4,20,36,2.1,12.3
1993,8,14,25.234,32.7,16.6,37,2.1,16.2
1993,8,15,25.134,33.4,18.6,46,2.1,12.7
1993,8,16,26.834,35.9,18.6,45,2.1,13.8
1993,8,17,28.134,34.9,22,43,2.1,11.5
1993,8,18,28.634,37.9,21.4,43,2.1,12
1993,8,19,31.034,40.9,22,36,2.1,11.5
1993,8,20,31.834,42.9,23.2,36,2.1,13.3
1993,8,21,29.234,35.4,24.5,43,2.1,15.1
1993,8,22,26.334,33.9,18,43,2.1,14.1
1993,8,23,25.134,32.9,16.5,46,2.1,14.8
1993,8,24,24.434,31.4,17,49,2.1,13.3
1993,8,25,21.134,26.9,16,55,2.1,12.7
1993,8,26,18.634,25.1,13,52,2.1,13.5
1993,8,27,19.234,25.1,12.8,54,2.1,13.6
1993,8,28,19.034,24.9,13,50,2.1,17.7
1993,8,29,19.134,26.9,11.4,44,2.1,16.4
1993,8,30,22.134,29.9,14.3,47,2.1,14.3
1993,8,31,22.934,30.9,13.5,51,2.1,12.7
1993,9,1,24.834,34.9,16,44,2.1,15.1
1993,9,2,25.234,34.9,16.5,42,2.1,11.9
1993,9,3,24.534,33.9,17,47,2.1,12.7
1993,9,4,24.834,34.3,17,50,2.1,12.5
1993,9,5,23.834,32.1,16,42,2.1,13
1993,9,6,20.834,28.9,16,51,2.1,15.6
1993,9,7,21.834,27.5,20.3,51,2.1,16.2
1993,9,8,18.734,25.1,17.4,69,3.12,16.2
1993,9,9,19.934,26.3,15,50,2.1,20.4
1993,9,10,20.734,24.9,11.8,42,2.1,15.1
1993,9,11,19.834,28.9,12.3,45,2.1,14.8
1993,9,12,19.334,26.4,11.5,57,2.1,16.2
1993,9,13,16.734,21.5,12,43,2.1,14.8
1993,9,14,17.234,23.4,10.6,48,2.1,16.5
1993,9,15,17.734,25.9,15.5,64,2.1,14.3
1993,9,16,19.334,26.9,11.4,50,2.1,14.4
1993,9,17,20.434,25.9,16.6,57,2.1,12.2
1993,9,18,19.634,26.9,14.5,54,2.1,13.8
1993,9,19,21.734,29.3,13.4,49,2.1,14.9
1993,9,20,21.934,29.9,14,48,2.1,13
1993,9,21,20.434,26.9,16,60,2.1,13.6
1993,9,22,18.234,23.9,16,57,18.1,12.3
1993,9,23,15.234,21.4,12.6,48,2.1,14.3
1993,9,24,15.434,23.4,8,48,2.1,14.8
1993,9,25,15.634,23.9,7.2,51,2.1,14.1
1993,9,26,16.234,22.9,12,48,2.1,15.7
1993,9,27,16.034,22.3,13,44,2.1,17.5
1993,9,28,14.334,22.9,9,50,2.1,17.5
1993,9,29,13.434,23.4,6,65,4.13,13.6
1993,9,30,16.234,22.9,13,58,2.61,11.2
1993,10,1,16.234,22.4,13,63,2.1,13.1
1993,10,2,15.334,20.4,13,50,2.1,15.1
1993,10,3,17.334,23.1,14.4,52,2.1,14.3
1993,10,4,17.134,24.9,10,60,2.1,15.2
1993,10,5,15.734,18.1,14,74,5.15,12
1993,10,6,14.134,19.9,12,70,2.1,12.7
1993,10,7,11.834,16.9,10,82,9.21,11.7
1993,10,8,11.234,16.4,6,65,17.09,13
1993,10,9,11.634,15.9,9.8,92,9.21,6.4
1993,10,10,17.334,20.9,15.4,81,22.17,11.1
1993,10,11,15.334,19.9,13.6,83,34.1,11.7
1993,10,12,13.834,18.7,11.6,72,2.61,13
1993,10,13,13.734,16.9,12,71,3.12,12.7
1993,10,14,12.134,16.1,11,68,2.1,13.5
1993,10,15,11.634,15.9,9,75,2.1,11.5
1993,10,16,13.834,18.9,12,68,3.12,10.9
1993,10,17,13.634,17.3,12,77,6.16,11.7
1993,10,18,12.834,17.9,9,81,2.1,11.1
1993,10,19,13.534,20.9,8,67,2.1,14.4
1993,10,20,13.734,21.2,8,65,2.1,14.3
1993,10,21,12.234,17.4,9.5,56,2.1,15.2
1993,10,22,10.334,16.4,7,49,2.1,12.5
1993,10,23,9.834,14.9,8,51,2.1,12.3
1993,10,24,8.734,14.9,3.4,64,2.1,12.8
1993,10,25,10.734,15.9,4.6,61,2.1,12.7
1993,10,26,7.934,10.9,7,89,8.2,10.7
1993,10,27,10.634,13.9,9.2,87,25.21,11.1
1993,10,28,9.934,14.1,7.8,85,2.1,10.6
1993,10,29,11.134,13.9,11,83,2.1,10.3
1993,10,30,10.834,13.9,7.5,82,2.1,13
1993,10,31,12.734,15.9,12,90,2.1,11.1
1993,11,1,14.834,19.9,12,84,3.12,12
1993,11,2,13.134,16.4,12,83,7.18,10.4
1993,11,3,11.034,14.4,10,86,8.2,11.7
1993,11,4,11.334,21.9,10,85,16.32,11.2
1993,11,5,10.134,13.5,8.4,84,3.12,10.4
1993,11,6,8.934,11.9,6,78,2.1,13.5
1993,11,7,8.934,12.9,6.4,88,2.1,8
1993,11,8,10.434,15.9,9,73,2.1,9.3
1993,11,9,10.834,17.1,7,63,2.1,14.6
1993,11,10,10.434,17.3,5,71,2.1,12
1993,11,11,11.734,16.9,4.5,80,2.1,9.4
1993,11,12,11.634,18.4,7.8,77,2.1,13.1
1993,11,13,12.434,17.9,9.6,73,2.1,12.2
1993,11,14,11.434,18.4,7,78,2.1,10.1
1993,11,15,11.434,18.9,7,43,2.1,15.1
1993,11,16,6.134,14.9,0,60,2.1,12.7
1993,11,17,6.334,14.9,0.5,71,2.1,12
1993,11,18,6.734,14.9,3,74,2.1,11.1
1993,11,19,5.434,11.9,0.2,84,2.1,7.7
1993,11,20,6.534,12.9,4,73,2.1,7.8
1993,11,21,3.934,12.1,-1,72,2.1,12.2
1993,11,22,5.434,11.9,1,73,2.1,10.4
1993,11,23,8.234,13.9,6,76,2.1,12.7
1993,11,24,8.334,15.9,2.8,70,2.1,12.5
1993,11,25,8.934,14.9,2.6,72,2.1,12.8
1993,11,26,7.034,14.9,2,74,2.1,10.9
1993,11,27,6.234,13.5,1,77,2.1,8.8
1993,11,28,7.934,11.9,5.5,87,6.16,8.3
1993,11,29,9.834,14.5,9,95,2.1,4.5
1993,11,30,10.634,12.9,10,76,5.15,10.7
1993,12,1,10.134,14.9,7,54,2.1,14
1993,12,2,7.934,17.4,2,76,2.1,13
1993,12,3,7.634,16.5,3,79,2.1,11.9
1993,12,4,7.634,16.9,2,80,2.1,9.3
1993,12,5,7.834,15.1,4.8,84,2.1,5.4
1993,12,6,7.834,11.9,5,90,2.1,3
1993,12,7,5.434,7.9,4,94,2.1,2.8
1993,12,8,6.034,9.9,4,87,2.1,3.7
1993,12,9,4.934,7.9,4,99,2.1,2
1993,12,10,5.934,13.9,1.8,90,2.1,5.6
1993,12,11,6.034,10.9,4,96,2.1,2.8
1993,12,12,6.334,15.9,1.5,81,2.1,12.3
1993,12,13,5.634,11.9,1,82,2.1,10.3
1993,12,14,6.934,9.9,7,78,3.12,11.2
1993,12,15,5.134,12.5,0,72,2.1,11.7
1993,12,16,8.134,14.4,5,80,2.1,14.3
1993,12,17,5.134,7.9,1.5,93,2.1,5.3
1993,12,18,5.634,7.9,4.8,94,2.1,4
1993,12,19,6.734,8.9,6,95,2.1,2.8
1993,12,20,6.134,8.9,5,99,2.1,2.2
1993,12,21,7.234,10.9,6.2,89,2.1,5.6
1993,12,22,4.934,12.3,1,63,2.1,13.1
1993,12,23,2.134,10.4,-2.6,69,2.1,13
1993,12,24,8.534,16.4,0,61,2.1,14.1
1993,12,25,9.634,13.9,5,63,2.1,16.5
1993,12,26,13.634,16.3,13,59,2.1,12.2
1993,12,27,9.934,13.9,7,63,2.1,12.2
1993,12,28,8.734,14.4,6.4,73,2.1,11.5
1993,12,29,7.934,10.9,6.8,98,2.1,3.7
1993,12,30,9.634,11.9,9,96,2.1,3.5
1993,12,31,10.834,14.4,9.5,92,2.1,9
1994,1,1,11.334,15.4,9,61,2.1,13.5
1994,1,2,9.634,14.1,7.4,86,2.1,10.4
1994,1,3,10.734,13.9,10.5,94,3.12,10.9
1994,1,4,9.134,12.9,6,63,4.13,14.4
1994,1,5,6.834,10.4,4,84,2.1,12.5
1994,1,6,6.734,9.9,5,75,9.21,13.1
1994,1,7,5.434,9.9,2.6,65,2.1,12.5
1994,1,8,4.434,9.9,1.6,89,5.15,10.3
1994,1,9,10.934,12.9,10,85,6.16,12.3
1994,1,10,7.734,12.5,7,76,6.67,13.1
1994,1,11,6.834,9.9,4.9,84,2.1,11.9
1994,1,12,10.934,15.9,8,85,2.1,9.8
1994,1,13,8.434,11.9,4.5,88,2.1,4.6
1994,1,14,8.234,12.9,2,88,2.1,7.4
1994,1,15,8.834,13.4,8,65,2.1,13.6
1994,1,16,6.834,10.9,5,56,2.1,13.3
1994,1,17,5.334,8.9,3,58,2.1,13.5
1994,1,18,3.434,9.9,0.4,50,2.1,15.6
1994,1,19,2.434,9.3,-2,56,2.1,13.6
1994,1,20,4.634,11.3,0.8,51,2.1,15.4
1994,1,21,5.434,12.1,-0.5,57,2.1,12
1994,1,22,4.034,11.4,-2.5,67,2.1,14.4
1994,1,23,3.434,13.1,-3.2,68,2.1,13
1994,1,24,5.134,14.9,0,#VALUE!,2.1,10.6
1994,1,25,5.334,16.3,-1,72,2.1,10.6
1994,1,26,7.434,17.9,0.2,64,2.1,13.8
1994,1,27,5.734,15.9,-1,66,2.1,13.1
1994,1,28,7.034,17.9,-2,69,2.1,14.8
1994,1,29,8.134,18.9,1,60,2.1,15.1
1994,1,30,6.434,15.9,1,71,2.1,13.5
1994,1,31,5.434,17.9,-1,72,2.1,13.6
1994,2,1,5.834,15.7,-0.6,71,2.1,11.1
1994,2,2,5.334,11.9,-1,78,2.1,9
1994,2,3,7.734,9.9,7,84,9.21,11.1
1994,2,4,4.434,7.9,2.4,61,2.1,12.5
1994,2,5,3.234,11,-2.5,67,2.1,13.5
1994,2,6,2.534,9.9,-3,75,2.1,13.5
1994,2,7,5.634,13.3,2,80,2.61,11.7
1994,2,8,6.134,13.4,2.5,61,2.1,14
1994,2,9,4.634,14.4,-2,68,2.1,13.1
1994,2,10,7.134,17.5,1,64,2.1,12.2
1994,2,11,7.434,18.9,0.4,66,2.1,11.4
1994,2,12,7.734,18.9,1,62,2.1,11.5
1994,2,13,7.834,17.7,0,58,2.1,13
1994,2,14,8.534,12.9,6,69,2.1,12.5
1994,2,15,7.134,11.9,4,73,2.1,12.7
1994,2,16,7.934,11.3,7,82,4.13,11.5
1994,2,17,7.734,15.9,1.5,78,2.1,11.7
1994,2,18,10.534,14.9,7,58,2.1,14.6
1994,2,19,6.934,14.5,0.5,75,2.1,12.5
1994,2,20,10.734,15.9,7,65,4.13,14.3
1994,2,21,7.334,14.9,2.5,79,15.05,14.3
1994,2,22,8.234,13.9,4,91,2.1,10.1
1994,2,23,11.234,14.9,10,72,2.1,12.8
1994,2,24,11.634,17.7,7.8,76,2.1,13.3
1994,2,25,9.234,17.9,5,80,4.13,9.3
1994,2,26,10.934,19.9,4.5,64,2.1,13.3
1994,2,27,9.534,13.9,8,85,10.99,12.7
1994,2,28,9.134,12.4,9,86,9.97,12
1994,3,1,10.434,17.9,6.5,65,4.13,14.1
1994,3,2,9.834,18.7,3,64,2.1,14.9
1994,3,3,12.734,21.3,6,70,2.1,11.9
1994,3,4,13.734,22.4,6,70,2.1,14.3
1994,3,5,12.734,18.9,7.2,77,2.1,12
1994,3,6,14.634,20.9,10,62,2.1,13.3
1994,3,7,11.434,20.9,4.5,64,2.1,14
1994,3,8,12.634,22.3,5.8,64,2.1,12.5
1994,3,9,13.934,23,6,60,2.1,11.9
1994,3,10,14.234,20.9,7,60,2.1,12.3
1994,3,11,12.934,18.9,9,67,2.1,13.3
1994,3,12,13.034,18.9,10,72,2.1,12.3
1994,3,13,12.234,19.9,8,65,2.1,12.8
1994,3,14,12.834,21.9,5.8,57,2.1,13.5
1994,3,15,13.734,22.9,7,54,2.1,12.3
1994,3,16,14.834,23.9,5,48,2.1,11.4
1994,3,17,13.934,23.6,5.4,54,2.1,12.3
1994,3,18,13.334,24.4,5,58,2.1,13
1994,3,19,14.334,23.9,6,54,2.1,11.4
1994,3,20,12.234,20.9,4,57,2.1,12.7
1994,3,21,13.334,22.3,6,59,2.1,12.5
1994,3,22,12.434,20.4,7,56,2.1,13.8
1994,3,23,12.234,21.9,4,60,2.1,13
1994,3,24,14.434,26.5,4.5,54,2.1,14.4
1994,3,25,14.934,27.4,6.5,53,2.1,13.6
1994,3,26,15.634,24.9,10.2,54,2.1,15.1
1994,3,27,13.234,22.3,4.4,58,2.1,15.9
1994,3,28,15.234,23.9,9,60,2.1,14.1
1994,3,29,15.334,22.9,6,55,2.1,14
1994,3,30,15.734,21.9,11,57,2.1,13.1
1994,3,31,15.834,21.9,12,64,2.1,12.5
1994,4,1,14.934,20.7,12,62,2.1,12.3
1994,4,2,9.934,17.3,4.2,54,2.1,13.5
1994,4,3,11.834,18.7,6.2,50,2.1,15.7
1994,4,4,13.634,21.7,7,60,2.1,14.1
1994,4,5,14.034,21.6,11,49,2.1,14.9
1994,4,6,13.134,20.9,4,48,2.1,15.1
1994,4,7,15.634,22.9,4.4,50,2.1,15.6
1994,4,8,13.634,21.9,7,46,2.1,13.6
1994,4,9,14.234,20.1,7.8,47,2.1,15.4
1994,4,10,14.334,21.4,10,53,2.1,15.7
1994,4,11,10.634,15.5,8,48,2.1,14.3
1994,4,12,10.634,20.4,3,49,2.1,13.8
1994,4,13,12.334,21.9,5,42,2.1,11.9
1994,4,14,10.834,18.4,5,50,2.1,17
1994,4,15,7.334,11.9,5,65,2.1,13.5
1994,4,16,7.134,13.9,4,53,2.1,14.8
1994,4,17,8.634,16.5,-0.5,56,2.1,14.9
1994,4,18,9.734,15.9,1,59,2.1,14.3
1994,4,19,9.234,13.4,8,79,7.18,11.4
1994,4,20,10.634,15.9,5.5,78,5.15,12.5
1994,4,21,11.334,17.9,5.6,64,2.1,12.2
1994,4,22,10.334,18.6,4,69,2.61,12.5
1994,4,23,12.334,19.9,7.6,68,4.13,12.8
1994,4,24,11.634,17.4,8,65,22.17,12.8
1994,4,25,12.334,19.3,9,55,2.1,14.1
1994,4,26,14.934,24.5,6.8,59,2.1,14.4
1994,4,27,18.434,27.9,10,56,2.1,13.3
1994,4,28,20.434,30.4,9,56,2.1,17
1994,4,29,20.634,30.9,12,50,2.1,15.9
1994,4,30,21.634,32.4,11,50,2.1,14.8
1994,5,1,21.534,30.9,12.2,49,2.1,13.5
1994,5,2,22.734,32.4,13,51,2.1,12.7
1994,5,3,23.334,34.4,13,48,2.1,12.7
1994,5,4,23.434,34.9,19,47,35.12,13.6
1994,5,5,19.234,29.3,12,48,2.1,17
1994,5,6,21.234,31.7,10.6,44,2.1,14.8
1994,5,7,17.934,22.9,15.8,75,6.16,11.9
1994,5,8,15.334,22.5,9.5,54,2.1,14.6
1994,5,9,17.234,22.9,13.6,59,2.1,12.5
1994,5,10,18.134,27.9,9,56,2.1,14.1
1994,5,11,15.234,19.9,13,53,2.1,15.7
1994,5,12,14.734,21.9,8,50,2.1,16.5
1994,5,13,11.434,15.4,9,85,25.21,10.3
1994,5,14,13.134,24.9,10.5,80,4.13,13
1994,5,15,13.134,18.1,10.8,84,5.15,11.9
1994,5,16,13.534,18.7,10.8,76,12.01,12.8
1994,5,17,12.934,18.9,9.3,73,6.16,11.1
1994,5,18,14.734,20.4,11.5,61,2.1,13.5
1994,5,19,13.434,16.5,13,79,5.15,10.3
1994,5,20,13.934,17.9,11.2,73,8.2,12.2
1994,5,21,16.534,21.9,14.2,85,5.15,10.4
1994,5,22,18.834,24.2,14.6,74,5.15,12.7
1994,5,23,17.734,23.4,13,73,2.1,14.1
1994,5,24,19.634,24.4,16,56,2.1,16.5
1994,5,25,18.734,26.3,10.6,57,2.1,14
1994,5,26,18.634,26.3,12.6,51,2.1,16.7
1994,5,27,20.234,29.4,11,51,2.1,15.2
1994,5,28,20.934,28.9,12,48,2.1,13.8
1994,5,29,23.134,31.9,13.5,47,2.1,15.2
1994,5,30,23.134,32.9,14,50,2.1,14
1994,5,31,23.634,33.9,13.4,48,2.1,13.1
1994,6,1,23.834,30.9,19,57,9.21,11.9
1994,6,2,19.134,24.9,12.8,63,2.1,12.3
1994,6,3,18.934,27.6,11,57,2.1,14.9
1994,6,4,20.734,30.9,11,50,2.1,15.6
1994,6,5,23.634,33.4,13,51,2.1,16.7
1994,6,6,24.734,34.9,12.8,42,2.1,15.9
1994,6,7,25.534,34.9,17.5,46,2.1,13.8
1994,6,8,24.034,33.1,18,56,2.1,13.5
1994,6,9,20.534,28.5,14,44,2.1,13.1
1994,6,10,20.534,29.9,11.6,38,2.1,14.9
1994,6,11,19.934,27.4,13.8,36,2.1,14.4
1994,6,12,17.734,24.9,11.2,41,2.1,15.7
1994,6,13,19.634,28.3,11.6,43,2.1,13.8
1994,6,14,23.134,32.1,12.7,39,2.1,14.3
1994,6,15,24.934,34.1,14.8,43,2.1,11.9
1994,6,16,24.834,33.3,16,42,2.1,12.8
1994,6,17,25.334,32.9,17,47,2.1,13.1
1994,6,18,23.734,29.9,20,48,2.1,13.1
1994,6,19,22.534,30.3,14,51,2.1,14.4
1994,6,20,23.834,32.9,15,47,2.1,13.8
1994,6,21,26.334,34.2,15.6,45,2.1,14.4
1994,6,22,26.934,35.1,18.7,41,2.1,11.2
1994,6,23,26.434,35.4,17,44,2.1,11.5
1994,6,24,28.734,35.9,22,42,2.1,12.7
1994,6,25,21.234,25.3,17,45,2.1,15.9
1994,6,26,21.634,29.9,12.5,47,2.1,15.4
1994,6,27,24.634,34.5,15,44,2.1,14.3
1994,6,28,27.834,37.9,18,43,2.1,14
1994,6,29,29.834,40.1,19,37,2.1,18.3
1994,6,30,32.334,40.9,20,33,2.1,14.3
1994,7,1,30.334,39.9,21,39,2.1,12
1994,7,2,30.434,40.4,20.5,37,2.1,13
1994,7,3,29.334,38.1,19,34,2.1,14
1994,7,4,29.634,39.4,19,35,2.1,14.3
1994,7,5,28.934,37.9,20.5,38,2.1,13.5
1994,7,6,27.334,35.3,20,39,2.1,13.5
1994,7,7,27.134,35.9,17,42,2.1,15.7
1994,7,8,28.534,36.9,18.5,38,2.1,14.1
1994,7,9,29.634,38.9,20,41,2.1,14.4
1994,7,10,29.834,39.6,19.6,38,2.1,15.2
1994,7,11,28.834,39.4,16,34,2.1,13
1994,7,12,28.934,39.4,17.5,37,2.1,12.2
1994,7,13,28.734,37.9,18,39,2.1,11.4
1994,7,14,30.734,39.5,20,37,2.1,12.2
1994,7,15,31.534,40.2,24.6,37,2.1,12.7
1994,7,16,28.434,36.4,22.6,44,2.1,13.3
1994,7,17,27.034,37.4,17.5,45,2.1,14
1994,7,18,28.634,37.4,18.4,43,2.1,14.1
1994,7,19,29.934,39.3,20.6,39,2.1,11.9
1994,7,20,29.334,39.6,18.7,37,2.1,13.6
1994,7,21,29.134,38.9,19,40,2.1,13.6
1994,7,22,27.634,36.9,18,35,2.1,13.1
1994,7,23,27.534,36.5,17,37,2.1,13.6
1994,7,24,27.434,35.9,20,38,2.1,11.9
1994,7,25,26.834,36.1,16.6,37,2.1,14.1
1994,7,26,29.134,38.9,20.5,43,2.1,13.5
1994,7,27,30.934,39.9,21.8,43,2.1,11.9
1994,7,28,31.134,39.9,23,40,2.1,12.7
1994,7,29,29.634,38.9,23,45,2.1,11.7
1994,7,30,27.134,35.3,18.8,51,5.15,13.5
1994,7,31,26.434,31.9,22,42,2.1,12.5
1994,8,1,26.234,32.2,21.2,45,2.1,12.2
1994,8,2,27.234,36.3,17.6,44,2.1,15.4
1994,8,3,30.134,38.3,22.4,48,2.1,12.7
1994,8,4,30.134,36.9,21,49,2.1,13.6
1994,8,5,29.334,38.4,21,46,2.1,14.1
1994,8,6,29.034,38.9,19.2,37,2.1,16.4
1994,8,7,27.834,37.4,17,34,2.1,14.6
1994,8,8,28.134,38.2,15.5,36,2.1,15.2
1994,8,9,24.634,28.9,22,50,2.1,16.8
1994,8,10,22.634,27.9,18,58,2.1,15.9
1994,8,11,24.634,31.9,15,52,2.1,12
1994,8,12,26.134,35.9,15.8,44,2.1,15.7
1994,8,13,27.434,35.9,19,41,2.1,12.2
1994,8,14,26.834,35.9,21,55,2.1,13.1
1994,8,15,28.234,37.1,19.6,48,2.1,16.7
1994,8,16,30.434,37.9,21,40,2.1,15.9
1994,8,17,28.834,38.9,20,37,2.1,15.1
1994,8,18,29.034,37.9,19.5,41,2.1,13
1994,8,19,29.334,39.9,20,39,2.1,13.5
1994,8,20,30.334,38.9,26,38,2.1,15.1
1994,8,21,28.934,38.4,20.3,42,2.1,12.5
1994,8,22,28.334,38.9,17,39,2.1,13
1994,8,23,27.734,36.9,20.6,43,2.1,15.2
1994,8,24,25.634,33.9,18.5,45,2.1,14.3
1994,8,25,25.734,34.9,16.4,46,2.1,15.2
1994,8,26,28.234,37.3,19,43,2.1,15.1
1994,8,27,29.334,39.9,20,44,2.1,15.6
1994,8,28,29.034,38.9,18.4,40,2.1,16.4
1994,8,29,27.834,38.3,18.4,40,2.1,14.1
1994,8,30,27.134,34.9,20,45,2.1,13.3
1994,8,31,24.234,31.3,18.2,52,2.1,13.8
1994,9,1,24.034,31.9,12.5,50,2.1,14.6
1994,9,2,21.834,29.9,18,58,2.1,12.7
1994,9,3,28.734,35.4,26,38,2.1,13.1
1994,9,4,24.934,31.9,19,51,2.1,15.7
1994,9,5,24.034,32.9,15.8,51,2.1,13.5
1994,9,6,24.734,34.9,14,46,2.1,14
1994,9,7,24.934,35.3,16.4,48,2.1,13.3
1994,9,8,21.634,26.9,14.5,49,2.1,13.6
1994,9,9,21.934,30.9,14,48,2.1,12.7
1994,9,10,23.434,32.3,15.4,57,2.1,15.2
1994,9,11,25.234,33.3,17,51,2.1,15.6
1994,9,12,23.634,28.9,16,57,2.1,14.3
1994,9,13,19.134,23.9,13,59,2.1,14.1
1994,9,14,16.934,23.4,12.5,54,2.1,14.6
1994,9,15,17.934,24.5,13.4,50,2.1,15.1
1994,9,16,20.634,27.7,15.4,53,2.1,14.4
1994,9,17,18.034,25.9,12,50,2.1,14
1994,9,18,16.634,24.9,7.8,49,2.1,14.8
1994,9,19,18.334,29.5,7,46,2.1,14.1
1994,9,20,20.634,29.9,10.6,52,2.1,14
1994,9,21,16.034,21.9,12.5,58,2.1,14.8
1994,9,22,13.434,22.9,8,70,2.61,14.6
1994,9,23,12.134,15.9,11,90,8.2,12.2
1994,9,24,14.134,20.9,9.4,73,2.1,12.5
1994,9,25,16.134,23.5,9,63,2.1,12.3
1994,9,26,16.334,24.4,10,65,2.1,12.5
1994,9,27,18.234,22.9,16,61,2.1,13.3
1994,9,28,17.634,24.4,14,67,2.1,14.3
1994,9,29,17.734,24.1,15,71,9.97,13.5
1994,9,30,18.234,24.9,15.5,70,2.1,12.2
1994,10,1,17.634,26.7,14.4,73,2.1,12.2
1994,10,2,18.734,25.9,13.8,71,2.1,15.7
1994,10,3,19.434,27.9,11,62,2.1,12.2
1994,10,4,18.534,24.9,15,67,2.1,12.3
1994,10,5,16.134,19.9,15,77,2.61,13
1994,10,6,18.134,24.9,14.1,61,2.1,13.6
1994,10,7,17.234,24.9,11,62,2.1,12.3
1994,10,8,16.234,24.9,9,67,2.1,12.2
1994,10,9,17.634,23.9,15,71,2.1,12
1994,10,10,18.134,24.2,16,82,5.15,11.2
1994,10,11,18.334,26.3,13,69,2.1,12.3
1994,10,12,19.034,26.9,13,65,2.1,12.8
1994,10,13,19.334,27.9,11.3,64,2.1,13
1994,10,14,17.434,22.9,14,81,2.35,9.3
1994,10,15,18.634,24.9,16,79,13.02,9.8
1994,10,16,15.734,23.9,12.8,82,2.1,12.7
1994,10,17,16.334,23.9,10,71,2.1,13.8
1994,10,18,17.334,23.9,14,70,2.1,12.8
1994,10,19,16.334,18.9,15,78,2.1,13.5
1994,10,20,14.234,19.9,8.7,73,2.1,13
1994,10,21,15.134,18.3,13.2,69,2.1,14.1
1994,10,22,17.434,22.9,15,83,4.13,12.7
1994,10,23,15.734,20.9,12.4,65,2.1,13.5
1994,10,24,13.934,20.3,10,63,2.1,12
1994,10,25,14.434,18.9,9,78,2.1,12.5
1994,10,26,15.534,20.9,13,76,2.61,10.9
1994,10,27,14.334,19.1,11.5,84,3.12,12.7
1994,10,28,15.034,19.9,12,65,9.97,13.3
1994,10,29,12.334,20.9,6.6,69,2.1,14.4
1994,10,30,12.734,21.9,6.6,70,2.1,11.9
1994,10,31,12.734,21.9,6,74,2.1,12.3
1994,11,1,14.134,22.9,7,72,2.1,11.5
1994,11,2,15.234,21.4,11.8,75,2.1,11.9
1994,11,3,12.934,17.3,10.6,87,2.61,9.8
1994,11,4,10.134,12.9,8.4,93,6.16,11.4
1994,11,5,10.834,14.9,9.4,77,2.1,12.5
1994,11,6,10.434,14.9,6.4,84,2.61,12.8
1994,11,7,13.134,17.4,11.5,83,10.99,13
1994,11,8,13.734,16.9,11.8,85,2.1,12.7
1994,11,9,14.934,18.9,14,84,14.04,11.7
1994,11,10,14.534,17.9,11.5,83,2.1,14
1994,11,11,15.134,23,9.6,67,2.1,12.3
1994,11,12,14.534,20.9,12.6,71,4.13,11.5
1994,11,13,11.834,19.1,6.8,63,2.1,15.2
1994,11,14,10.134,18.9,4.2,74,2.1,14.4
1994,11,15,10.634,20.3,4.2,77,2.1,9.6
1994,11,16,10.434,17.9,5,81,2.1,7.8
1994,11,17,10.334,16.9,7,85,2.1,4.5
1994,11,18,11.234,20.4,5,80,2.1,6.1
1994,11,19,11.434,21.9,5,77,2.1,8
1994,11,20,11.634,21.9,5.2,76,2.1,12.8
1994,11,21,12.134,21.9,5.2,78,2.1,12.5
1994,11,22,12.334,22.5,6.6,75,2.1,13.1
1994,11,23,10.834,21.9,5,83,2.1,11.7
1994,11,24,8.834,16.9,3.5,88,2.1,3.8
1994,11,25,9.334,17.9,4,78,2.1,11.2
1994,11,26,9.134,18.9,1,73,2.1,12
1994,11,27,7.734,17.3,0.6,82,2.1,7.2
1994,11,28,11.134,14.9,9.4,73,2.1,12
1994,11,29,12.434,18.3,10,73,2.1,12.3
1994,11,30,10.334,17.9,6.3,82,2.1,12.5
1994,12,1,9.834,16.9,2.4,77,2.1,11.5
1994,12,2,11.734,16.9,9,77,2.1,13.1
1994,12,3,12.234,15.9,9.6,87,2.1,11.9
1994,12,4,12.634,16.1,9.8,84,2.1,9
1994,12,5,12.234,15.9,10.5,92,3.12,9
1994,12,6,10.234,13.9,8.8,87,2.1,10.7
1994,12,7,8.834,13.3,7.2,93,5.15,7.8
1994,12,8,7.834,14.3,5.2,87,2.1,7.2
1994,12,9,9.234,19.9,7,89,2.1,5.9
1994,12,10,11.634,17.9,8,85,2.1,7.5
1994,12,11,10.034,19.9,4.8,76,2.1,11.2
1994,12,12,10.234,21.3,3,76,2.1,14.1
1994,12,13,10.234,20.9,4.4,75,2.1,13.3
1994,12,14,8.734,18.9,3,80,2.1,10.6
1994,12,15,7.134,9.9,5,96,2.1,3.3
1994,12,16,5.734,10.9,3.8,88,2.1,6.9
1994,12,17,7.134,12.9,2.4,83,2.1,10.6
1994,12,18,4.734,8.9,1,94,3.12,3.8
1994,12,19,6.734,11.9,3.2,73,2.1,9.6
1994,12,20,4.234,12.9,-1.5,73,2.1,12.2
1994,12,21,3.834,12.5,-2.4,83,2.1,10.9
1994,12,22,7.034,12.9,3.2,64,2.1,12
1994,12,23,4.434,9.9,2,53,2.1,16.7
1994,12,24,0.734,8.9,-5,70,2.1,13
1994,12,25,0.334,8.9,-5,73,2.1,12.2
1994,12,26,-0.666,7.9,-5.6,79,2.1,11.5
1994,12,27,0.134,8.1,-5,77,2.1,7.5
1994,12,28,0.734,9.9,-5,81,2.1,8.3
1994,12,29,0.434,5.1,-3.6,95,2.1,3.8
1994,12,30,10.234,16.9,3.5,88,2.1,8.6
1994,12,31,14.134,17.3,13,83,2.1,12.8
1995,1,1,8.734,15.9,3,66,6.16,14.4
1995,1,2,5.434,11.9,2,56,2.1,14.8
1995,1,3,2.234,9.3,-3,77,2.1,12.2
1995,1,4,3.834,10.9,-1.4,79,2.1,10.4
1995,1,5,7.234,13.9,3.4,80,2.1,11.5
1995,1,6,9.234,14.4,4,61,2.1,14.6
1995,1,7,7.534,12.9,6,55,2.1,12.7
1995,1,8,5.734,13.9,-1,60,2.1,11.7
1995,1,9,7.134,13.9,2.4,64,2.1,14
1995,1,10,4.934,13.9,-1.1,66,2.1,11.5
1995,1,11,5.134,15.9,-1,69,2.1,12.3
1995,1,12,8.934,15.2,1.3,59,2.1,15.7
1995,1,13,4.234,13.4,-3,51,2.1,15.6
1995,1,14,3.734,14.3,-3.5,50,2.1,13.6
1995,1,15,4.334,16.3,-2.8,61,2.1,13.1
1995,1,16,4.234,13.9,-2.4,67,2.1,11.7
1995,1,17,5.434,11.9,-4,86,2.1,10.1
1995,1,18,10.134,12.9,6,66,9.21,13.3
1995,1,19,5.934,10.9,1.8,81,2.1,14.8
1995,1,20,8.334,12.9,4,71,2.35,14.1
1995,1,21,5.434,12.3,1.2,78,2.1,12.2
1995,1,22,6.734,11.9,3.9,87,2.1,11.5
1995,1,23,9.434,13.9,3.2,88,2.1,12.3
1995,1,24,13.734,18.9,11.6,87,2.1,13
1995,1,25,13.734,17.9,11,77,2.1,13.5
1995,1,26,11.834,16.9,9,79,2.1,13.5
1995,1,27,8.934,14.1,7,85,2.1,8.5
1995,1,28,10.034,16.4,7,81,2.1,14
1995,1,29,8.234,12.9,2.6,92,4.13,7.8
1995,1,30,12.034,16.9,9,84,2.1,13.1
1995,1,31,6.734,9.9,5,97,2.1,3.5
1995,2,1,6.834,10.4,6,94,2.1,4
1995,2,2,8.334,14.9,6,82,2.1,6.1
1995,2,3,7.834,16.4,2,61,2.1,12.5
1995,2,4,7.034,18.9,-1,65,2.1,13.3
1995,2,5,8.334,21.9,-0.5,62,2.1,14
1995,2,6,8.834,19.9,2,64,2.1,11.4
1995,2,7,6.134,14.3,0,86,2.1,7.4
1995,2,8,9.334,13.9,4,85,2.1,8.8
1995,2,9,12.334,15.9,10,81,2.61,14
1995,2,10,8.934,12.1,7,80,5.4,13.3
1995,2,11,6.434,13.9,-0.2,73,2.1,13.6
1995,2,12,8.234,10.4,7,92,22.42,9
1995,2,13,11.934,16.9,9,84,15.05,11.2
1995,2,14,15.234,18.7,14,84,2.1,12.3
1995,2,15,14.634,18.3,13.6,76,2.1,12.3
1995,2,16,12.334,17.9,9.8,81,2.1,10.4
1995,2,17,11.634,17.4,6.4,84,2.1,10.6
1995,2,18,9.734,13.9,6,52,3.12,14.9
1995,2,19,7.734,16.9,1.6,63,2.1,14.8
1995,2,20,9.234,19.9,0.8,67,2.1,12.8
1995,2,21,10.534,18.9,6,69,2.1,12.7
1995,2,22,8.034,14.6,4.5,62,2.1,14.6
1995,2,23,6.934,16.1,0.6,63,2.1,13.8
1995,2,24,13.634,22.1,7,63,2.1,15.6
1995,2,25,13.734,18.9,9.5,69,2.1,14.8
1995,2,26,7.334,11.9,5,56,3.12,12.2
1995,2,27,6.734,12.9,4.5,47,2.1,14
1995,2,28,6.934,14.7,0.2,45,2.1,14.6
1995,3,1,10.734,20.2,2,45,2.1,14
1995,3,2,8.634,15.9,1,57,2.1,13.3
1995,3,3,9.134,14.3,5.6,59,2.1,13.1
1995,3,4,9.234,14.9,4,48,2.1,13.1
1995,3,5,13.734,18.9,11,70,2.1,12.8
1995,3,6,11.634,15.9,7,56,2.1,13.8
1995,3,7,6.934,13.9,0,53,2.1,13.3
1995,3,8,7.934,12.9,3.4,52,2.1,15.7
1995,3,9,7.934,17.9,-1.5,56,2.1,15.7
1995,3,10,10.134,16.9,3.6,68,2.35,12
1995,3,11,13.234,19.1,10.8,67,2.1,12.2
1995,3,12,15.034,23.2,11,46,2.1,14.1
1995,3,13,12.734,20.9,8,61,8.2,13
1995,3,14,11.334,21.1,2.8,53,2.1,14.4
1995,3,15,11.134,21.9,1,50,2.1,12
1995,3,16,10.834,17.9,4.8,49,2.1,15.6
1995,3,17,10.434,20.7,1,56,2.1,13.5
1995,3,18,11.734,22.6,3,57,2.1,13
1995,3,19,12.734,23.4,2.6,52,2.1,14.1
1995,3,20,13.334,22.9,4,53,2.1,12.7
1995,3,21,13.134,21.9,4.6,51,2.1,12.2
1995,3,22,12.034,21.5,4,50,2.1,12.8
1995,3,23,10.634,19.9,2.4,54,2.1,12
1995,3,24,12.734,23.9,3.2,44,2.1,13.3
1995,3,25,15.434,24.3,8.2,43,2.1,12
1995,3,26,16.334,24.5,8.6,38,2.1,13.8
1995,3,27,15.034,23.9,5,43,2.1,14.1
1995,3,28,15.434,21.9,10,46,2.1,13.6
1995,3,29,15.334,22.9,7,52,2.1,12.8
1995,3,30,13.234,19.9,8,39,2.1,15.9
1995,3,31,11.234,20.4,2.2,36,2.1,14.1
1995,4,1,13.434,23.9,3,39,2.1,13.3
1995,4,2,15.234,25.3,5.2,46,2.1,15.7
1995,4,3,15.334,25.3,6,45,2.1,15.9
1995,4,4,15.534,25.3,6,42,2.1,13.1
1995,4,5,16.634,26.9,6,41,2.1,14.3
1995,4,6,18.834,27.4,8,38,2.1,13
1995,4,7,18.634,28.9,8,34,2.1,14
1995,4,8,18.834,28.4,9,42,2.1,16.4
1995,4,9,19.934,30.5,10.2,40,2.1,15.6
1995,4,10,19.834,29.9,11,39,2.1,14
1995,4,11,19.334,29.9,9,38,2.1,14.3
1995,4,12,20.334,30.3,9.6,41,2.1,14.6
1995,4,13,19.434,28.3,12.6,38,2.1,12.2
1995,4,14,15.934,23.4,10.8,44,2.1,14.3
1995,4,15,15.734,23.9,10.2,38,2.1,15.7
1995,4,16,13.934,21.1,8,47,2.1,12
1995,4,17,15.434,25.4,5,48,2.1,14.9
1995,4,18,18.334,27.9,7,42,2.1,15.7
1995,4,19,17.934,23.9,8,42,2.1,13.8
1995,4,20,13.034,19.9,8,46,2.1,14.4
1995,4,21,8.334,13.9,4,47,2.1,15.9
1995,4,22,7.134,13.9,2.6,61,2.1,12.3
1995,4,23,6.234,12.9,-1,66,2.61,13.1
1995,4,24,7.734,13.9,3.8,64,2.1,13.8
1995,4,25,8.834,17.1,0.2,50,2.1,14
1995,4,26,11.634,20.5,1.5,40,2.1,14.8
1995,4,27,9.834,12.9,7,79,2.61,10.1
1995,4,28,14.234,20.4,11.4,72,2.1,11.9
1995,4,29,17.934,26.4,11,54,2.1,12.2
1995,4,30,19.734,28.4,11,46,2.1,11.9
1995,5,1,20.834,29.7,13.6,45,2.1,14.1
1995,5,2,19.234,29.9,14.4,58,16.07,14.1
1995,5,3,19.734,27.7,14.8,53,2.1,12.2
1995,5,4,20.434,28.9,13,48,2.1,13.3
1995,5,5,21.134,29.4,12,35,2.1,14.8
1995,5,6,20.334,26.9,15,35,2.1,15.2
1995,5,7,21.934,29.9,14.6,40,2.1,15.1
1995,5,8,21.134,30.9,16,59,7.18,13.3
1995,5,9,20.034,27.1,14.4,61,9.97,16.2
1995,5,10,19.834,25.9,15.8,60,14.04,12.3
1995,5,11,16.934,22.1,13,52,3.62,14
1995,5,12,14.734,20.4,10.5,47,6.16,15.2
1995,5,13,14.034,22.6,6.5,39,2.1,14.3
1995,5,14,17.934,26.1,11,44,2.1,12.5
1995,5,15,20.934,27.9,16,56,2.1,15.2
1995,5,16,20.534,24.9,18.8,53,2.1,14.8
1995,5,17,21.534,28.9,15.6,43,2.1,14.8
1995,5,18,21.334,27.4,18.6,52,2.35,13
1995,5,19,20.134,27.9,12,52,2.1,13.8
1995,5,20,20.034,28.9,14,45,2.1,15.6
1995,5,21,19.334,28.9,8.5,36,2.1,15.2
1995,5,22,21.034,27.9,15.2,43,2.1,11.9
1995,5,23,21.834,31.5,12.2,39,2.1,14.1
1995,5,24,21.634,28.9,14.7,41,2.1,13.6
1995,5,25,20.234,25.9,14,42,2.1,13.1
1995,5,26,19.934,29.4,11,41,2.1,16.2
1995,5,27,22.134,31.4,11.5,36,2.1,15.4
1995,5,28,24.834,33.9,14.4,37,2.1,16.2
1995,5,29,24.234,33.3,16,38,2.1,14.9
1995,5,30,18.634,25.9,14,42,2.1,16.2
1995,5,31,17.434,24.9,10.5,41,2.1,15.9
1995,6,1,19.034,29.9,9,39,2.1,16.4
1995,6,2,22.134,30.9,14.5,42,2.1,14.8
1995,6,3,22.434,31.2,14.5,45,2.1,14.8
1995,6,4,24.734,33.7,16.6,43,2.1,16.2
1995,6,5,25.334,34.4,17.3,42,2.1,15.2
1995,6,6,24.334,32.4,17.5,44,2.1,12.8
1995,6,7,22.834,31.9,15.5,53,2.1,12.7
1995,6,8,19.934,26.9,17.2,70,18.1,11.7
1995,6,9,20.834,27.9,15.5,65,2.1,13
1995,6,10,19.834,26.9,13.4,56,16.07,13.6
1995,6,11,20.334,28.1,12.4,42,2.1,18
1995,6,12,21.634,29.9,14,45,2.1,16.7
1995,6,13,21.834,29.7,12.5,39,2.1,14.6
1995,6,14,23.534,30.1,12.5,40,2.1,13
1995,6,15,23.234,31.9,16,47,2.1,12.2
1995,6,16,24.134,31.9,16.4,46,3.12,13.5
1995,6,17,25.634,33.1,16.7,36,2.1,14.8
1995,6,18,26.634,35.4,16.2,36,2.1,14.8
1995,6,19,28.334,36.4,20.4,36,2.1,14.3
1995,6,20,26.234,31.9,23,41,2.1,12.2
1995,6,21,25.634,34.4,18,48,2.1,13.5
1995,6,22,27.634,35.9,19.7,44,2.1,13.3
1995,6,23,27.734,35.3,20.6,45,2.1,12.2
1995,6,24,25.134,33.8,18.2,49,2.35,10.7
1995,6,25,21.134,28.1,18,70,23.18,12
1995,6,26,20.934,25.9,17,59,9.97,12.7
1995,6,27,22.634,29.9,16.5,60,2.1,12.3
1995,6,28,22.834,28.9,16.5,57,2.35,13.1
1995,6,29,23.934,32.3,17.4,59,5.15,13.5
1995,6,30,23.534,32.9,19,64,2.1,12
1995,7,1,24.634,29.9,18,53,12.01,12.8
1995,7,2,22.734,27.9,17.8,44,2.1,12.2
1995,7,3,21.634,26.9,18.5,49,2.1,14
1995,7,4,21.734,27.9,16.5,41,2.1,14.1
1995,7,5,22.534,29.9,14.8,42,2.1,16.4
1995,7,6,25.134,33.9,16,41,2.1,12.5
1995,7,7,27.234,34.9,18.5,36,2.1,13.1
1995,7,8,27.134,32.9,22,39,2.1,12.3
1995,7,9,26.134,33.2,19,46,2.1,14.6
1995,7,10,24.634,31.9,22,58,8.2,13
1995,7,11,24.534,32.4,17,48,2.1,13.8
1995,7,12,26.234,33.9,17,43,2.1,15.2
1995,7,13,25.934,32.3,20.4,44,2.1,14
1995,7,14,25.034,32.9,17.6,43,2.1,14.8
1995,7,15,26.334,35.4,18,46,2.1,16
1995,7,16,29.634,38.1,20,42,2.1,17.2
1995,7,17,31.234,39.7,22.4,38,2.1,16.2
1995,7,18,31.534,40.9,23.5,38,2.1,14.6
1995,7,19,32.434,42.1,23.6,35,2.1,13.3
1995,7,20,33.134,42.7,24.8,33,2.1,11.4
1995,7,21,32.934,41.9,22.6,33,2.1,12.7
1995,7,22,31.834,41.9,22,30,2.1,12.8
1995,7,23,30.834,40.9,21.5,39,2.1,12.8
1995,7,24,32.534,44.1,21.8,32,2.1,12.7
1995,7,25,29.834,34.5,28,39,2.1,12.8
1995,7,26,26.134,33.3,19,39,2.1,11.9
1995,7,27,27.834,36.9,18.5,32,2.1,15.1
1995,7,28,30.034,39.7,22,36,2.1,14.4
1995,7,29,31.634,40.9,21.2,30,2.1,15.4
1995,7,30,31.134,39.9,24,33,2.1,14
1995,7,31,29.634,38.5,20.4,37,2.1,14.9
1995,8,1,29.934,37.7,22.2,37,2.1,12.3
1995,8,2,29.434,36.9,23,40,2.1,12.5
1995,8,3,28.134,34.9,19,32,2.1,13.3
1995,8,4,25.934,32.9,17,33,2.1,15.9
1995,8,5,26.534,33.9,21,43,2.1,14.4
1995,8,6,26.434,34.3,19.2,44,2.1,14.4
1995,8,7,26.634,33.9,19.4,42,2.1,15.7
1995,8,8,26.234,34.4,20,48,2.1,15.1
1995,8,9,27.134,32.9,23,55,2.1,13.8
1995,8,10,25.434,33.9,19.4,56,4.13,16
1995,8,11,28.034,35.9,20,47,2.1,15.2
1995,8,12,29.634,38.9,20.5,42,2.1,13.1
1995,8,13,30.334,38.9,23.4,37,2.1,15.9
1995,8,14,27.834,35.5,21.8,45,2.1,14.1
1995,8,15,28.134,36.9,21,42,2.1,14
1995,8,16,29.234,39.3,22,43,2.1,13.1
1995,8,17,29.334,37.4,21.5,34,2.1,12.3
1995,8,18,27.134,35.7,18.6,35,2.1,11.7
1995,8,19,27.834,34.9,21.4,44,2.1,11.9
1995,8,20,27.134,34.9,22,49,2.1,12
1995,8,21,24.134,31.3,20,54,2.1,12.5
1995,8,22,22.634,29.9,17.4,57,6.16,12.8
1995,8,23,23.334,31.6,18.2,58,2.1,14.3
1995,8,24,24.834,31.9,18.2,48,2.1,12.7
1995,8,25,24.334,33.9,16.2,43,2.1,16
1995,8,26,25.834,34.3,18.2,42,2.1,15.7
1995,8,27,26.734,35.5,12,40,2.1,17.5
1995,8,28,25.334,34.4,18.4,40,2.1,15.9
1995,8,29,23.434,33.9,15,41,2.1,14.9
1995,8,30,25.034,33.9,15.8,33,2.1,11.9
1995,8,31,25.734,33.5,19,43,2.1,14
1995,9,1,25.934,34.3,18.5,44,2.1,13.3
1995,9,2,27.434,34.9,21,42,2.1,14.3
1995,9,3,26.734,32.9,20.6,48,2.1,13.3
1995,9,4,22.534,27.9,18,57,2.61,12.2
1995,9,5,18.334,23.9,14.6,67,2.1,12.2
1995,9,6,20.434,23.9,17.4,68,2.1,13.3
1995,9,7,21.734,26.9,18.5,53,2.1,14.6
1995,9,8,20.134,26.9,14.5,45,2.1,16
1995,9,9,20.334,29.4,10.5,45,2.1,14.1
1995,9,10,21.134,28.7,13.4,51,2.1,13
1995,9,11,22.234,28.9,15.6,54,2.1,15.4
1995,9,12,20.134,25.9,14,47,2.1,14.6
1995,9,13,18.934,24.9,12,43,2.1,14.8
1995,9,14,20.634,29.3,11.2,45,2.1,16.2
1995,9,15,21.034,27.3,15,45,2.1,14.6
1995,9,16,19.634,26.1,14.8,45,2.1,16.4
1995,9,17,16.234,22.1,13,67,2.1,13
1995,9,18,16.134,21.9,14,76,7.18,11.5
1995,9,19,14.334,19.3,8,70,2.61,10.9
1995,9,20,16.934,22.9,12,61,2.1,12.8
1995,9,21,17.534,24.9,9.8,52,2.1,13.6
1995,9,22,18.734,24.9,13,44,2.1,15.9
1995,9,23,16.834,22.9,10,49,2.1,13.8
1995,9,24,17.334,24.9,10.4,48,2.1,14.6
1995,9,25,16.934,22.9,12,49,2.1,14.9
1995,9,26,15.434,23.9,9,40,2.1,14.4
1995,9,27,16.934,26.9,6,41,2.1,14.8
1995,9,28,19.534,29.9,9,46,2.1,13.1
1995,9,29,22.034,30.5,13.6,50,2.1,14.1
1995,9,30,22.034,29.9,14.6,48,2.1,14.3
1995,10,1,22.434,30.9,14,49,2.1,13.6
1995,10,2,21.734,30.2,15,51,2.1,14.3
1995,10,3,23.134,29.4,17.8,51,2.1,14.4
1995,10,4,20.634,27.3,14,52,2.1,12.8
1995,10,5,19.334,24.5,15,54,2.1,14
1995,10,6,19.334,26.9,11.6,56,2.1,14.1
1995,10,7,19.534,27.9,13,56,2.1,12.7
1995,10,8,19.434,27.3,11.8,58,2.1,14.9
1995,10,9,19.534,27.9,12.8,60,2.1,13
1995,10,10,19.834,28.9,11.2,50,2.1,14
1995,10,11,19.434,25.3,14.6,59,2.1,12
1995,10,12,19.234,24.9,14.8,56,2.1,13.5
1995,10,13,17.334,24.9,10,56,2.1,12.8
1995,10,14,16.334,21.9,12,73,6.16,12.5
1995,10,15,16.534,24.3,10,64,2.1,12.5
1995,10,16,15.834,24.9,9,59,2.1,11.7
1995,10,17,16.434,26.9,8,57,2.1,11.4
1995,10,18,18.234,28.3,9,52,2.1,13.8
1995,10,19,20.234,28.1,12,50,2.1,13.6
1995,10,20,17.634,25.1,11.4,54,2.1,14.4
1995,10,21,16.134,23.4,10.4,60,2.1,12.2
1995,10,22,15.834,23.9,10,56,2.1,12.3
1995,10,23,15.934,23.9,10,54,2.1,13.1
1995,10,24,16.134,19.3,14.8,79,5.66,11.1
1995,10,25,17.834,23,16.6,79,2.1,10.6
1995,10,26,16.634,23.9,14,73,2.1,11.7
1995,10,27,17.634,26.6,10.8,60,2.1,11.7
1995,10,28,18.234,25.9,13,61,2.1,13.1
1995,10,29,15.334,21.9,10,65,2.1,12.5
1995,10,30,13.734,22.3,7.6,63,2.1,12.2
1995,10,31,14.534,23,10.2,62,2.1,13.1
1995,11,1,16.034,23.6,10.7,64,2.1,13.1
1995,11,2,16.534,24.7,11,62,2.1,12.7
1995,11,3,16.734,24.6,9.7,57,2.1,12.2
1995,11,4,15.834,24.5,9,55,2.1,12.2
1995,11,5,11.834,21.1,5,57,2.1,14.6
1995,11,6,12.034,20.9,6,63,2.1,14
1995,11,7,12.734,22.8,6,52,2.1,12.3
1995,11,8,13.734,26.4,5.2,40,2.1,12
1995,11,9,14.634,22.4,10,46,2.1,11.7
1995,11,10,13.334,17.9,12,86,3.12,10.4
1995,11,11,13.634,16.2,12,86,17.09,10.6
1995,11,12,10.234,13.3,8.7,82,18.1,12.7
1995,11,13,9.434,14.9,6,83,2.1,9.9
1995,11,14,9.534,13.9,7.1,87,2.1,5.9
1995,11,15,13.934,17.3,13,89,4.13,11.1
1995,11,16,13.734,16.7,13,90,206.06,9
1995,11,17,15.334,19.9,13.7,81,6.16,12.7
1995,11,18,18.334,21.8,16.8,78,3.12,11.7
1995,11,19,16.234,20.9,12.4,71,2.1,13.3
1995,11,20,14.034,21.3,11,86,2.1,9.4
1995,11,21,14.234,20.5,11,76,2.1,11.5
1995,11,22,13.534,16.9,12.1,62,2.1,13.1
1995,11,23,12.834,17.9,11,65,2.1,13.1
1995,11,24,9.834,15.9,5,77,2.1,12.5
1995,11,25,8.834,11.9,5.6,96,15.05,9.4
1995,11,26,8.934,11.9,6,63,2.1,13.6
1995,11,27,8.234,13.9,5,82,2.1,12.7
1995,11,28,8.134,12.9,5.2,90,2.1,12
1995,11,29,9.134,14.1,3.6,80,2.1,12.5
1995,11,30,10.334,12.9,9,91,6.16,10.9
1995,12,1,9.434,14.9,7,91,2.1,5.9
1995,12,2,7.834,13.9,2.4,84,2.1,8.6
1995,12,3,8.934,14.9,5.6,91,2.1,5.7
1995,12,4,8.834,13.9,3.2,70,2.1,10.7
1995,12,5,9.934,13.9,7,64,2.1,14
1995,12,6,5.734,10.9,2,80,2.1,13
1995,12,7,6.834,8.9,6.2,98,7.18,8.2
1995,12,8,8.234,10.9,7.6,92,5.15,6.4
1995,12,9,9.234,12.9,7.8,85,2.1,11.9
1995,12,10,11.134,15.9,8,73,2.1,12.2
1995,12,11,8.934,15.1,6,81,2.1,14.6
1995,12,12,8.634,15.9,3.9,82,2.1,13.1
1995,12,13,5.234,10.9,0.5,89,2.1,9.3
1995,12,14,3.934,7.9,2,53,2.1,14.1
1995,12,15,3.434,6.9,1.2,90,18.1,8.3
1995,12,16,8.134,11.9,6,89,5.15,8
1995,12,17,8.034,12.9,6,86,5.15,8.6
1995,12,18,5.934,12.4,2,92,2.1,9.4
1995,12,19,7.434,11.9,1,94,2.1,10.1
1995,12,20,11.234,13.9,8.5,93,2.1,6.2
1995,12,21,12.134,20.9,11,87,2.1,7.8
1995,12,22,12.934,16.9,9.8,91,14.04,8.8
1995,12,23,14.034,17.1,13.2,89,10.48,11.4
1995,12,24,15.834,18.1,13.5,87,2.1,13.3
1995,12,25,15.334,17.3,15,88,3.12,11.7
1995,12,26,13.834,16.4,12.4,73,10.23,12.7
1995,12,27,10.734,12.9,8.5,88,8.2,11.5
1995,12,28,12.334,15.9,10,79,2.1,13.8
1995,12,29,10.034,12.1,9.6,96,9.97,8.3
1995,12,30,12.534,15.9,10.8,92,23.18,11.7
1995,12,31,12.334,15.9,10,80,3.12,13.8
