Y',M',D',T',TM',Tm',H',PP',VV'
1991,1,1,5.3,9.6,0,86,0,3.4
1991,1,2,2.6,6.4,0,88,0,3.7
1991,1,3,2.3,5.2,-1,87,0,2.6
1991,1,4,3.9,10,0,63,0,8
1991,1,5,2.9,10.4,-3,69,0,10.5
1991,1,6,3.6,7.6,-1,87,0,7.6
1991,1,7,8.1,10.6,6,82,0,10.1
1991,1,8,8.4,12,5,73,5.08,10.8
1991,1,9,9.1,11.6,6.8,81,0,10
1991,1,10,10.2,13.3,8,75,0,11.1
1991,1,11,9.4,12.2,6,76,0,10.9
1991,1,12,6.6,9.2,3,67,2.03,10.1
1991,1,13,3,7.6,-0.4,55,0,11.1
1991,1,14,1.6,7,-3,55,0,10.1
1991,1,15,-1.4,6.3,-6,68,0,10
1991,1,16,-1.2,3.4,-5,77,0,9.8
1991,1,17,3.4,6.4,1,79,0.25,7.9
1991,1,18,6.5,11.4,4,81,0.25,7.9
1991,1,19,7.1,11,3,77,0,9.5
1991,1,20,5.8,13,-1,61,0,10
1991,1,21,4.9,11.4,0,59,0,10
1991,1,22,3.2,10,-3,68,0,11.1
1991,1,23,5,9.6,2.6,63,0,10.8
1991,1,24,3.2,10.2,-3,60,0,10.8
1991,1,25,5.2,11,0.8,55,0,11.1
1991,1,26,5.7,10,-1,60,0,11.1
1991,1,27,1.7,10,-4,65,0,10.1
1991,1,28,1.1,11,-6,65,0,9.7
1991,1,29,0.2,5.2,-6,80,0,8.2
1991,1,30,3.3,9,0,76,0.51,4.7
1991,1,31,1.4,9,-4,71,0,10.3
1991,2,1,2.6,5.2,0,90,4.32,5.3
1991,2,2,3.1,5,0.4,84,1.02,9.8
1991,2,3,6.2,10,3.4,63,0.25,11.1
1991,2,4,5.2,11,1,66,0,11.3
1991,2,5,4.3,11.6,-2.2,72,0,10.6
1991,2,6,5.7,10,0,84,0,8.5
1991,2,7,6.9,10,3,67,1.02,10.9
1991,2,8,4.8,9.2,1.4,69,0,11.6
1991,2,9,7.3,9.5,5.8,76,0,11.6
1991,2,10,5.1,9.5,0,57,2.03,11.1
1991,2,11,1.7,8,-4,62,0,10.5
1991,2,12,0.3,6,-4,62,0,11.4
1991,2,13,1.6,9.4,-6,52,0,10.6
1991,2,14,2.9,7,-2,50,0,10.9
1991,2,15,0.8,10,-8.5,55,0,9.8
1991,2,16,0.9,3,-1.2,87,4.06,6
1991,2,17,2.7,7.2,1,84,4.06,7.1
1991,2,18,1.8,5,0,88,19.05,7.6
1991,2,19,6.5,9,4,71,61.98,11.1
1991,2,20,7.2,14.4,2,63,0,11.3
1991,2,21,6,12.4,-0.2,72,0,9.8
1991,2,22,5.8,12.5,2,71,0,7.1
1991,2,23,5.7,15.2,-1.6,65,0,9.8
1991,2,24,6.8,17.6,-1,62,0,10
1991,2,25,8.4,18.2,1,60,0,10
1991,2,26,8,18.2,1,69,0,10
1991,2,27,7.3,13.5,1.5,61,0,10.8
1991,2,28,5.8,8,4.6,84,13.97,7.6
1991,3,1,7.2,12.4,4,68,0,11.1
1991,3,2,7.3,14,1,65,0,10.5
1991,3,3,10.1,17.8,6,68,0,10.3
1991,3,4,11.1,16.4,4,62,0,10.8
1991,3,5,10.2,13.2,8,74,2.03,10
1991,3,6,9.5,12.6,7,63,4.32,11.1
1991,3,7,7.9,12.7,6,74,10.92,10.6
1991,3,8,7.3,11,4,78,0,10.9
1991,3,9,8.5,11.2,6,84,3.05,10.1
1991,3,10,11.8,17.2,8,69,0,11.9
1991,3,11,9.4,17.5,3,75,0,10.1
1991,3,12,8.8,14.5,5,84,3.05,7.1
1991,3,13,9.4,10.6,8,83,3.05,10.6
1991,3,14,12.1,17,7,60,5.08,11.1
1991,3,15,11.6,15,6,69,0,8.2
1991,3,16,11.2,14,9,70,1.02,10.1
1991,3,17,9.5,15.5,6,67,0.51,10.8
1991,3,18,9.2,17,2,67,0,10.6
1991,3,19,12.4,21,4.8,65,0,10.8
1991,3,20,13.2,22.4,4.5,63,0,10.3
1991,3,21,12.4,17.5,8,57,0,10.9
1991,3,22,7.6,12,4,65,0,11.1
1991,3,23,7,12.3,2.6,55,0,11.3
1991,3,24,6.4,10,4,52,0,11.9
1991,3,25,8.8,12,6,59,0,11.1
1991,3,26,8.3,11.2,7,80,0,9.5
1991,3,27,9.7,15.4,6,69,3.05,9.5
1991,3,28,11,17.2,5,59,0,10.8
1991,3,29,12.2,18.2,7,58,0,10.9
1991,3,30,11.6,16,8,61,0,11.3
1991,3,31,11.1,16,5,54,99.06,10.9
1991,4,1,10.5,17.6,3,50,0,10.3
1991,4,2,10.9,20,2,53,0,9
1991,4,3,11.3,16.3,7,52,0,11.3
1991,4,4,7.4,13,1,66,0,11.1
1991,4,5,8.9,14.2,5,48,3.05,11.4
1991,4,6,9.2,16,1,51,0,10.3
1991,4,7,10.8,20.2,2,57,0,10
1991,4,8,13.9,21,7,55,0,10.1
1991,4,9,13.5,22.4,5,57,0,11.1
1991,4,10,13.7,23.5,5,51,0,10.3
1991,4,11,14.7,24,7,51,0,10.8
1991,4,12,13.4,22,5,51,0,10.9
1991,4,13,8,12.2,5,67,1.02,11.1
1991,4,14,8.8,15,4,78,2.03,10.9
1991,4,15,9.7,11.8,7.9,90,23.88,8.2
1991,4,16,12,17,8,65,0,8.9
1991,4,17,10.7,18,4,67,0,9.5
1991,4,18,9.9,16,5,49,0,10.8
1991,4,19,10.6,20,1,45,0,11.4
1991,4,20,7.9,14.6,1.8,49,0,10.8
1991,4,21,7.2,13.4,1,49,0,10.1
1991,4,22,8.9,18,1,52,0,10.8
1991,4,23,10.6,19.3,3,50,0,10.8
1991,4,24,9.8,17.6,2,53,0,10.8
1991,4,25,9.8,14.4,4.4,47,0,11.1
1991,4,26,8.6,15,4,47,0,12.1
1991,4,27,8.2,15,-1,54,0,10.8
1991,4,28,11.7,19,4,54,0,11.3
1991,4,29,12.6,21.8,3,51,0,9.8
1991,4,30,15.6,23.8,6,51,0,10.9
1991,5,1,12.1,17.4,5,53,0,10.8
1991,5,2,8.1,13.2,5,54,0,11.1
1991,5,3,8.9,14.8,4,48,0,10.9
1991,5,4,8.2,16.5,-1,52,0,10.6
1991,5,5,9.9,16,4,55,0,11.3
1991,5,6,8.1,15.8,0,51,0,10.5
1991,5,7,10.3,20.4,0,50,0,10.9
1991,5,8,10.3,14.4,6,49,0,11.4
1991,5,9,9.1,15,2.6,52,0,11.1
1991,5,10,9.9,17.2,5,60,0,11.1
1991,5,11,9.6,17.4,2.6,52,0,11.7
1991,5,12,12.9,21.6,3,48,0,11.1
1991,5,13,15.6,22.8,10,51,0,11.3
1991,5,14,15.1,24.7,4,47,0,10.3
1991,5,15,17.2,27.9,7,44,0,10.3
1991,5,16,15.6,26,7,43,0,10.1
1991,5,17,15,23.5,6.8,48,0,10.8
1991,5,18,14.8,22.4,8,50,0,10.6
1991,5,19,14.7,24,4,45,0,10
1991,5,20,15.6,25.2,7,46,0,10.3
1991,5,21,17.6,25.4,8,46,0,10.5
1991,5,22,18.1,28,7,39,0,10.1
1991,5,23,19.4,30.2,7,38,0,10.6
1991,5,24,22,30,14,37,0,10.5
1991,5,25,20.7,29.5,11,39,0,10.3
1991,5,26,20.7,29.8,11,41,0,10.5
1991,5,27,20.1,29,11,37,0,10
1991,5,28,19.1,29,9,39,0,10.9
1991,5,29,20.4,30,11,46,0,11.1
1991,5,30,18.8,24.6,14,56,2.03,10.9
1991,5,31,15.7,22.8,11.8,63,0,10.9
1991,6,1,16.3,23.4,13,62,0,11.4
1991,6,2,17.5,25,12,57,0,11.1
1991,6,3,18.3,26.5,10,55,0,10.9
1991,6,4,20.8,27.5,14,42,0,10.3
1991,6,5,20.3,27.5,12,41,0,9.8
1991,6,6,21.1,27,17,53,0,11.4
1991,6,7,18.6,23.4,15,57,0,11.1
1991,6,8,19.4,28,9,45,0,10.3
1991,6,9,22.6,32.7,11.8,41,0,10.9
1991,6,10,21.7,27.2,15,46,0,11.7
1991,6,11,20.7,30,12,44,0,11.1
1991,6,12,23.4,33,13,39,0,11.1
1991,6,13,25.4,35.2,14,39,0,10.6
1991,6,14,26.7,35.5,17,42,0,10.5
1991,6,15,25.9,36,18,45,0,10.5
1991,6,16,23.3,32,13,48,2.03,10.9
1991,6,17,17.2,26,10,41,0,10.3
1991,6,18,17.7,26,10,41,0,10.8
1991,6,19,19.3,27,10,42,0,10.9
1991,6,20,24.3,31.4,18,40,0,11.4
1991,6,21,25.2,32.6,16,41,0,11.1
1991,6,22,25.1,33,14,36,0,10.8
1991,6,23,25.4,34.8,15,34,0,10.8
1991,6,24,26.3,37,15,33,0,10.3
1991,6,25,28.3,38,19,35,0,10.6
1991,6,26,27.9,37.5,17.8,34,0,10.5
1991,6,27,25.5,34.4,17,38,0,10
1991,6,28,22.5,31.2,13,35,0,11.6
1991,6,29,22.1,31.5,12,33,0,10.8
1991,6,30,24.2,33,13,39,0,10.1
1991,7,1,23.4,33.5,17.8,48,0,11.1
1991,7,2,22.1,29.6,15.8,54,3.05,11.4
1991,7,3,21,30,15,52,0,11.1
1991,7,4,22.4,30.6,15,43,3.05,11.1
1991,7,5,19.8,25.5,14,40,0,11.4
1991,7,6,18.8,26,10,42,0,11.3
1991,7,7,21.7,30.6,12,44,0,11.4
1991,7,8,25.6,34,16,42,0,11.1
1991,7,9,27.4,36.5,19,37,0,10.9
1991,7,10,28.3,37.5,18,36,0,10
1991,7,11,29,37.8,20,35,0,10.8
1991,7,12,28.8,40,19,33,0,10.6
1991,7,13,29.3,39.6,19,34,0,10
1991,7,14,28,36.4,17,36,0,10.6
1991,7,15,27.9,37.2,19,34,0,10
1991,7,16,29.3,39,18,32,0,11.4
1991,7,17,30.2,38,21.6,29,0,10
1991,7,18,28.5,39.5,15.6,29,0,9.5
1991,7,19,29,37.6,20,32,0,10.6
1991,7,20,24.6,35.4,18,51,5.08,10
1991,7,21,24.7,35.5,17,48,2.03,10.5
1991,7,22,25.3,33,16,38,0,10.6
1991,7,23,27.2,36.2,16.2,35,0,11.3
1991,7,24,27.7,36,18,34,0,10.1
1991,7,25,25.6,34.4,17,40,0,10.5
1991,7,26,24.6,33,15.8,36,0,10
1991,7,27,26.7,36.6,17,37,0,10.5
1991,7,28,27.8,36,18.6,32,0,10.6
1991,7,29,23.2,27.4,19.4,38,0,11.4
1991,7,30,19.3,25,12,44,0,10.6
1991,7,31,21.4,29.4,12.4,42,0,10.8
1991,8,1,24.7,34.4,15,42,0,11.7
1991,8,2,27.4,36.2,17,38,0,11.1
1991,8,3,29.5,38.2,20,33,0,11.3
1991,8,4,30.3,38.8,21,32,0,10.5
1991,8,5,29.4,40,21,34,0,10.3
1991,8,6,30.2,39,19,32,0,10.8
1991,8,7,29.4,38,21,33,0,11.1
1991,8,8,23.4,29.4,16,42,0,10.5
1991,8,9,19.9,28,12,46,0,10.5
1991,8,10,23.7,32.6,15.4,47,0,11.3
1991,8,11,24.3,31,17,46,0,10.6
1991,8,12,24.8,33,15,44,0,10
1991,8,13,27.2,37,17,36,0,10.1
1991,8,14,28.2,39,17.6,35,0,10.5
1991,8,15,28.8,40,18,34,0,10.6
1991,8,16,29.8,41,20,34,0,10.6
1991,8,17,30.4,41,20,35,0,11.1
1991,8,18,28.8,37.6,21.8,38,0,11.1
1991,8,19,28.9,36.2,20,35,0,10.3
1991,8,20,27.3,39,15,35,0,10
1991,8,21,28.6,36,22,34,0,10.6
1991,8,22,23.6,28,18,46,0,10.6
1991,8,23,23.9,32.4,15,47,0,10.8
1991,8,24,26.3,36,17,41,0,10.9
1991,8,25,26.6,36.4,16,39,0,10.6
1991,8,26,27.4,35,19,39,0,10.9
1991,8,27,27.3,35.5,19,40,0,10.8
1991,8,28,25.4,35,17,43,0,10.9
1991,8,29,24.8,34,16,42,0,10.9
1991,8,30,23.4,30.2,14,46,0,10.5
1991,8,31,22.8,30.4,16.6,47,0,11.4
1991,9,1,22.8,32,14,44,0,10.6
1991,9,2,23.8,32.5,15,44,0,10.6
1991,9,3,23.9,32.3,19,55,0,11.4
1991,9,4,23.1,30,19,59,0,11.3
1991,9,5,22.2,30.5,15,57,0,11.1
1991,9,6,21,26,16,59,1.02,10.9
1991,9,7,21.9,31.5,13.6,50,0,11.4
1991,9,8,24.1,32.5,15.8,44,0,10.8
1991,9,9,24.3,33,15.6,44,0,10.6
1991,9,10,24.4,32.4,16.6,50,0,10.8
1991,9,11,22.3,29.5,16.8,53,0,11.3
1991,9,12,20.5,27.4,13,55,0,11.1
1991,9,13,21.3,29,13,51,0,10.9
1991,9,14,22.8,31,15,50,0,10.6
1991,9,15,23.4,31.5,14.8,44,0,10.9
1991,9,16,23.8,32.2,15,44,0,10.3
1991,9,17,25.3,34.4,15.8,40,0,10.3
1991,9,18,25.5,35.8,15,41,0,10.5
1991,9,19,25.5,35.2,17,38,0,10.1
1991,9,20,22.4,32,15,45,0,10.9
1991,9,21,22.1,30,15.8,59,0.25,11.3
1991,9,22,21.8,29.2,16,58,1.02,11.1
1991,9,23,21.3,31.4,14,51,0,10.1
1991,9,24,21.2,30.6,14,50,0,10.6
1991,9,25,18.2,23,15,70,0.51,10.6
1991,9,26,16.4,20.8,13,41,0,11.6
1991,9,27,15.2,21.6,6.4,43,0,11.4
1991,9,28,12.7,17,8.4,67,11.94,10.8
1991,9,29,12.6,16,9.8,73,0,16.3
1991,9,30,14.5,21,7.4,64,0,13.8
1991,10,1,16.7,23.2,12,56,0,10.9
1991,10,2,15.9,23.5,8,51,0,10.1
1991,10,3,16,25,7,53,0,10.5
1991,10,4,16.5,22.8,9,54,0,10.6
1991,10,5,18.8,27,12,52,0,10.8
1991,10,6,14.8,21,9,46,0,10.3
1991,10,7,13.8,24.5,4,47,0,10
1991,10,8,12.6,19.8,6,57,0,10.9
1991,10,9,11.4,15,8.4,73,17.02,10.5
1991,10,10,11.3,13,9.4,89,13.97,8.7
1991,10,11,11.1,15.4,10,78,2.03,10.6
1991,10,12,12.2,17,9.4,72,0,11.6
1991,10,13,12.7,17.3,10.4,69,0,11.1
1991,10,14,12.8,18,10,66,0,11.3
1991,10,15,11.3,16.6,8,71,0,10.9
1991,10,16,11.1,18.2,4.6,63,0,11.4
1991,10,17,10.1,19.6,5,72,0,10.8
1991,10,18,12.3,18.4,6,67,0,8.4
1991,10,19,12.3,16.5,6,57,0,10.5
1991,10,20,9.3,15,2,47,0,10.6
1991,10,21,7.5,14.6,0,56,0,10.6
1991,10,22,7.4,13.4,1,52,0,10.6
1991,10,23,7.6,11,5,65,2.54,11.4
1991,10,24,9.1,14.5,5,69,0.25,11.3
1991,10,25,11.6,13,9.6,83,1.02,9.7
1991,10,26,12.7,14,12,79,7.87,10.5
1991,10,27,11.6,15,9,73,0,10.3
1991,10,28,10.8,13.2,7.8,83,2.03,10.3
1991,10,29,10.3,15,8,81,0,5.3
1991,10,30,9.6,14,5.8,85,0,4.7
1991,10,31,11.6,17.4,7.6,81,0,4.3
1991,11,1,12.4,21,5.8,72,0,6.4
1991,11,2,12.7,20,5,65,0,9.3
1991,11,3,15.4,19.4,10.8,61,0,10.8
1991,11,4,13.3,17,7,58,0,10.5
1991,11,5,7.9,14,2.6,61,0,11.3
1991,11,6,7.6,13.8,3,56,0,10.9
1991,11,7,5.4,15,-2,62,0,10.1
1991,11,8,6.5,17,-1,63,0,9.7
1991,11,9,7.4,18,-1,60,0,10
1991,11,10,6,13,0,59,0,10.9
1991,11,11,4,13,-2,74,0,10.9
1991,11,12,5,13.4,-2,-,0,9
1991,11,13,8.9,13,6,69,1.02,8.7
1991,11,14,9.4,13,6,51,0,11.7
1991,11,15,12.7,17,9,66,0,11.1
1991,11,16,11.6,16.3,6,46,0,11.7
1991,11,17,8.2,17.4,1.4,62,0,10.8
1991,11,18,7.9,15,1,77,0,10.3
1991,11,19,8.7,13,4,53,0,11.3
1991,11,20,5.8,12,2.8,57,0,11.1
1991,11,21,5.9,9,3,50,0,12.1
1991,11,22,5.6,11,-3,49,0,11.4
1991,11,23,0.4,11,-6,63,0,10.1
1991,11,24,2.1,11,-6,69,0,10.6
1991,11,25,5.6,11,2,79,0,6.6
1991,11,26,6.6,18,-1,63,0,6.4
1991,11,27,6.7,17,-0.5,62,0,10.1
1991,11,28,5.4,14,-1,73,0,10.5
1991,11,29,7.3,10,5,84,6.1,9
1991,11,30,8.1,11,6,80,1.02,6.8
1991,12,1,6.8,10.4,0,84,5.08,10.5
1991,12,2,5.4,9,3,87,1.02,6.3
1991,12,3,7.3,11,4,67,0,11.4
1991,12,4,7.4,12.7,3,70,0,11.3
1991,12,5,6.8,12.4,3,76,0,11.1
1991,12,6,7.4,15,3,75,0,11.1
1991,12,7,5.2,10,1,78,0,10
1991,12,8,6.3,8.2,4,85,2.54,9.2
1991,12,9,4.9,11,0,78,0,5.5
1991,12,10,6.2,10,2,66,0,11.3
1991,12,11,7.1,11.3,2,74,0,10.5
1991,12,12,4.3,11,-1,77,0,10.3
1991,12,13,5.7,11,1,69,0,11.1
1991,12,14,7.3,11,5,65,0,11.3
1991,12,15,5.7,7.6,4,87,7.11,8.2
1991,12,16,6.5,11,1,80,0.25,10
1991,12,17,2.2,9.6,-2,89,0,1.4
1991,12,18,2.5,8.4,-1,87,0,1.4
1991,12,19,2.5,5,0,90,0,0.3
1991,12,20,5.6,15,0,62,0,6.8
1991,12,21,2.4,11.2,-3,69,0,10
1991,12,22,4.3,14.3,-4,56,0,8
1991,12,23,5.2,19,-4,46,0,10.8
1991,12,24,4.4,16.5,-4,64,0,10
1991,12,25,4.7,14,-3,62,0,10.1
1991,12,26,0.4,9,-4,92,0,5.8
1991,12,27,2,14.2,-6,75,0,7.1
1991,12,28,2.2,13.6,-5,68,0,10.5
1991,12,29,1.6,11.4,-5,80,0,10.5
1991,12,30,1.4,10,-5,85,0,9
1991,12,31,0.3,10,-6,89,0,6
1992,1,1,0.2,8.2,-6,84,0,7.1
1992,1,2,5.5,12.6,0,74,0,11.1
1992,1,3,5.3,11,-2,76,0,10.8
1992,1,4,1.4,11,-4,86,0,10.6
1992,1,5,0.9,9,-5,83,0,10
1992,1,6,0.9,11,-6,83,0,10.8
1992,1,7,2.6,9,-3,87,0,10.9
1992,1,8,7.6,14,3,85,0.76,9.7
1992,1,9,6.1,10.2,2,78,0.51,10.9
1992,1,10,2.7,9.4,-2,73,0,10.8
1992,1,11,1.9,7,-3,79,0,11.6
1992,1,12,1.7,8,-4,80,0,10.8
1992,1,13,0.6,8,-6.4,75,0,10.1
1992,1,14,4.2,10,0,79,0,11.3
1992,1,15,2.8,13,-4,81,0,10
1992,1,16,1.4,10.6,-5,82,0,9.7
1992,1,17,1.5,15.4,-6,77,0,9.2
1992,1,18,0,8,-6,-,0,6.8
1992,1,19,-2.1,2,-7,100,0,1.4
1992,1,20,-1.5,3,-4,94,0,2.4
1992,1,21,0.3,9,-7,73,0,7.6
1992,1,22,1.7,7,-4,58,0,11.3
1992,1,23,-0.9,3,-6,68,0,11.4
1992,1,24,0.5,11,-7,74,0,10.6
1992,1,25,2.9,13.4,-5,64,0,10.3
1992,1,26,4.2,12,-2,63,0,10.8
1992,1,27,3,9,-3.4,60,0,10.1
1992,1,28,2,11,-5,63,0,10.8
1992,1,29,3.4,11.5,-5,64,0,10.9
1992,1,30,2.6,12,-5,70,0,10.1
1992,1,31,4.2,13,-3,64,0,10.5
1992,2,1,2.4,14.5,-6,66,0,10.8
1992,2,2,2.8,15.2,-6,59,0,10
1992,2,3,2.4,14.4,-6,64,0,9.2
1992,2,4,3.9,19.7,-7,53,0,10.9
1992,2,5,6.5,21,-6.5,45,0,10.1
1992,2,6,6.9,18.8,-2,52,0,10
1992,2,7,5.2,18.2,-5,62,0,10
1992,2,8,3.6,14,-4,73,0,9.2
1992,2,9,3.4,14,-5,72,0,8.7
1992,2,10,3.9,14,-4,72,0,10
1992,2,11,5.4,15.4,-2,73,0,9.5
1992,2,12,5.8,14.6,-2,81,0,9.2
1992,2,13,8.1,13.4,1,55,2.03,11.3
1992,2,14,4.3,13.4,-3,70,0,10.1
1992,2,15,5.2,16.4,-3,67,0,8
1992,2,16,6.6,17,-2,59,0,10.1
1992,2,17,7.4,16,0,48,0,10
1992,2,18,6.2,11,2,57,0,10.8
1992,2,19,2.2,5,-2,82,5.08,9.8
1992,2,20,2.9,8,-3,67,4.06,10.6
1992,2,21,1.9,11,-5,54,0,10.1
1992,2,22,2.1,11.5,-5,64,0,10
1992,2,23,3.6,15,-5,61,0,10
1992,2,24,4.6,9,0,74,0,11.3
1992,2,25,5.8,11,2,82,5.33,8.4
1992,2,26,5.4,13,-1,71,0,7.7
1992,2,27,4.8,14,-2,64,0,8.5
1992,2,28,6.2,15,-2,-,0,10
1992,2,29,7.2,13.5,1,66,0,10.9
1992,3,1,8.6,13,5,68,0,11.1
1992,3,2,9.3,13,6,68,0,11.1
1992,3,3,9.2,15,4,62,0,10
1992,3,4,8.1,14,3,67,0,9.8
1992,3,5,9.3,15,3,61,0,8.2
1992,3,6,9.5,19,2,50,0,10
1992,3,7,9.7,21.3,-2.8,49,0,9.5
1992,3,8,11.7,20,3,50,0,10.6
1992,3,9,9,18,-1,43,0,10.1
1992,3,10,7.1,17.2,-2,60,0,9.7
1992,3,11,9.1,18.6,0,56,0,10.1
1992,3,12,9.3,18.4,0,49,0,10
1992,3,13,8.6,19.5,-1,50,0,10.3
1992,3,14,10.2,20.4,-1,51,0,10.1
1992,3,15,11.4,21,2,53,0,10
1992,3,16,12.4,24,1,43,0,9.8
1992,3,17,11.6,23.5,0,43,0,10.5
1992,3,18,12.3,22,2,47,0,11.1
1992,3,19,13.7,22.6,4,43,0,10.8
1992,3,20,13.7,24.8,3,45,0,11.6
1992,3,21,15.4,26.4,5,38,0,10.3
1992,3,22,15.4,24,9,40,0,10.8
1992,3,23,12.8,22,2,50,0,10.9
1992,3,24,6,12.2,2,59,0.25,11.7
1992,3,25,5.3,11.2,0,55,0,11.6
1992,3,26,6,13,0,57,0,10.9
1992,3,27,5.6,10.6,2,55,0,11.4
1992,3,28,6.8,13,2,50,0,10.9
1992,3,29,6.1,15,-4,55,0,10.8
1992,3,30,5.4,10,1,79,5.33,9
1992,3,31,4.6,10.5,0,71,2.54,11.1
1992,4,1,6.1,11,0,72,0,11.1
1992,4,2,9.3,13.2,6,83,3.05,10.5
1992,4,3,8,14.3,6,80,7.87,10.1
1992,4,4,8.2,12,6,80,7.11,10.3
1992,4,5,8.4,14,2,52,1.02,10.9
1992,4,6,6.4,16,-2,59,0,10.9
1992,4,7,9.9,15.6,3.6,59,0.51,11.3
1992,4,8,8.6,13.2,5,52,0,11.1
1992,4,9,10.5,17.4,4,54,0,11.3
1992,4,10,10.5,18,4,50,0,10.8
1992,4,11,11,22.5,0,45,0,9.8
1992,4,12,12.2,21.8,1,40,0,10.3
1992,4,13,11.8,19,5,51,0,11.3
1992,4,14,13.4,22.4,4,49,0,11.1
1992,4,15,13.9,19.8,9,44,0,11.1
1992,4,16,9.1,13.4,4,46,0,10.8
1992,4,17,9.5,18.2,3,50,0,10.9
1992,4,18,15.7,24.6,9,48,0,10
1992,4,19,15.4,26,4.5,39,0,10
1992,4,20,15.6,27.5,5,44,0,10.3
1992,4,21,17.2,27.8,6,39,0,10.6
1992,4,22,17.6,26.6,6,43,0,10.9
1992,4,23,16.6,27.5,5,44,0,10.3
1992,4,24,16.4,27,5,47,0,10
1992,4,25,16.7,26.8,6,47,0,10.1
1992,4,26,17.6,27.6,7,41,0,10.3
1992,4,27,18.7,28.8,7,41,0,11.1
1992,4,28,16.9,26.5,8,45,0,10.8
1992,4,29,11.6,18.2,4,45,0,10.6
1992,4,30,14.4,23.6,5,49,0,11.6
1992,5,1,17.8,26.4,7,49,0,11.4
1992,5,2,11.2,19.4,5,53,7.11,10.6
1992,5,3,10.2,17.5,4,45,0,10.9
1992,5,4,13.1,21.4,5,48,0,12.1
1992,5,5,14.7,23,7.8,51,0,11.4
1992,5,6,14.5,23.4,8,51,0.51,11.7
1992,5,7,15.9,25,8.5,50,0,10.5
1992,5,8,17,25.4,9,45,0,10.3
1992,5,9,18.7,28.2,8,41,0,10.8
1992,5,10,20.2,29.4,9,36,0,10.3
1992,5,11,19.8,29,9,38,0,10.6
1992,5,12,20.4,30.6,11,44,0,10.5
1992,5,13,21.6,30.2,12,41,0,10.1
1992,5,14,19.7,27.6,13.8,54,1.02,10.9
1992,5,15,21.1,31.6,12,46,0,10.6
1992,5,16,22.9,32.2,12.6,37,0,11.7
1992,5,17,22.7,32,12,38,0,11.4
1992,5,18,21.1,29.4,14,45,0,10.8
1992,5,19,20.9,31,11,45,0,10.8
1992,5,20,19,26.8,13,52,4.06,11.1
1992,5,21,19.7,30.6,11,51,0,11.3
1992,5,22,19.3,26.5,13,51,0,11.3
1992,5,23,15.5,22.5,12,63,3.05,10.8
1992,5,24,15.6,23.3,10,57,1.02,11.1
1992,5,25,17.2,25.8,8,47,0,10.1
1992,5,26,20.4,27.6,14,43,0,10.6
1992,5,27,17.8,25,12.4,52,0,11.3
1992,5,28,14.1,16,13,77,0,10.8
1992,5,29,14.5,18.2,12.8,88,11.94,8.9
1992,5,30,16.4,23.2,13,70,10.92,9.3
1992,5,31,16.7,22.5,14,57,0,10.8
1992,6,1,14.1,18,12,68,3.05,10.9
1992,6,2,15.1,20.6,11,64,0.51,11.1
1992,6,3,14.9,22,9,54,0,11.3
1992,6,4,14.1,19,10,48,99.06,11.1
1992,6,5,13.3,21,6,51,0,11.4
1992,6,6,13.1,19.6,8,57,0,10.9
1992,6,7,13.6,18.6,9.6,59,0,10.9
1992,6,8,15.7,22.4,10.4,53,0,10.8
1992,6,9,14.4,20.5,11,51,1.02,11.1
1992,6,10,13.4,21,7,47,0,11.3
1992,6,11,14.9,25,6,48,0,11.4
1992,6,12,16.8,23.2,13,56,0,11.1
1992,6,13,14.4,21.6,11,69,2.03,10.1
1992,6,14,15.8,23.8,11.6,71,12.95,9.5
1992,6,15,14.7,18,12,75,11.94,9.8
1992,6,16,16,22.2,12.8,71,6.1,10.6
1992,6,17,19,26.8,13.8,57,1.02,11.1
1992,6,18,20.2,26.2,14,54,0,10.9
1992,6,19,18.7,28.5,11,46,0,10
1992,6,20,15.5,20.8,10,45,0,10.8
1992,6,21,16,24.4,9,53,0,11.4
1992,6,22,13.6,17,11,83,9.91,9.7
1992,6,23,13.6,19.6,9.6,67,2.03,10.8
1992,6,24,17.2,23.6,10,53,0,10.8
1992,6,25,19.8,28,11,46,0,10.6
1992,6,26,21.2,29.6,14,47,0,10.6
1992,6,27,22.7,30.4,14,45,0,10.5
1992,6,28,23.6,30,15,47,0,10.8
1992,6,29,22.6,30,16,47,0,10.6
1992,6,30,21.7,26.4,19,49,0,11.3
1992,7,1,20.2,27,14,51,0,11.3
1992,7,2,21.1,29.8,12,51,0,11.3
1992,7,3,24.3,33.5,14.8,44,0,10.8
1992,7,4,23.1,30.6,16.6,43,0,10.6
1992,7,5,19,24.4,13,49,0,11.4
1992,7,6,18.7,26.3,11.8,50,0,11.6
1992,7,7,19.8,27.5,13,49,0,11.3
1992,7,8,21.3,29.4,14.5,47,0,10.6
1992,7,9,23.7,31,15.6,42,0,11.3
1992,7,10,22.8,30,17.5,44,0,10.9
1992,7,11,22.2,31.5,12,46,0,10.8
1992,7,12,24.6,35,15,40,0,10
1992,7,13,26,36,16,42,0,10.8
1992,7,14,27.7,37.2,18,38,0,11.3
1992,7,15,25.1,36.4,19,44,0,10.5
1992,7,16,24.7,33,16,47,1.02,10.8
1992,7,17,26.8,36,16,40,0,11.4
1992,7,18,27.9,37,18,37,0,10.5
1992,7,19,27.6,36.6,18,36,0,10.6
1992,7,20,28.2,37,20,37,0,11.1
1992,7,21,24.7,29,19,41,0,10
1992,7,22,25,33,17,41,0,11.6
1992,7,23,26.6,36.5,17.6,41,0,10.6
1992,7,24,26.6,36.2,17,39,0,10.5
1992,7,25,27,36.6,17.6,41,0,10.5
1992,7,26,28.9,35,21,38,0,10.6
1992,7,27,28.7,38.5,19,35,0,11.3
1992,7,28,27.8,39.8,20,40,0,11.1
1992,7,29,27.1,37,20.4,47,0,11.1
1992,7,30,24.9,34.8,19,55,0.25,11.1
1992,7,31,25.9,34.5,17.6,51,10.92,10.9
1992,8,1,26.7,36,19.8,53,0,11.3
1992,8,2,26.5,35.8,20,54,7.11,11.1
1992,8,3,25.9,33,20,57,5.08,11.3
1992,8,4,27.9,37.5,19,47,1.02,10.9
1992,8,5,28.8,38.2,21,44,0,10.6
1992,8,6,29.7,38.2,22,41,0,11.6
1992,8,7,29.7,38,23,40,0,10.9
1992,8,8,25,28,18,48,0,11.3
1992,8,9,20.4,27.2,13.4,46,0,10.8
1992,8,10,22.1,29,11.6,43,0,10.3
1992,8,11,23.3,31.4,14,42,0,10.3
1992,8,12,23.8,32,13.6,41,0,10.3
1992,8,13,25.7,34.8,15.5,37,0,10.3
1992,8,14,25.9,33.8,15.4,35,0,10.8
1992,8,15,25.7,32,17.6,41,0,11.4
1992,8,16,26.8,35.8,17.2,41,0,10.3
1992,8,17,27.8,37,18,38,0,10
1992,8,18,28.4,37,19,38,0,11.3
1992,8,19,23.3,32,19,62,16,11.3
1992,8,20,22.1,28,17,53,0,11.4
1992,8,21,22.7,30,13.2,43,0,10.8
1992,8,22,24.2,31.8,14.4,43,0,10.5
1992,8,23,24.9,34,16,41,0,10
1992,8,24,27.1,37,15,38,0,10.8
1992,8,25,29.8,39,20,37,0,11.6
1992,8,26,27.6,34.8,20.4,38,0,10
1992,8,27,25.3,34,14.2,35,0,10.5
1992,8,28,22.2,31.5,13,44,0,10.5
1992,8,29,18.2,23,13.4,52,4.06,11.1
1992,8,30,18.4,25,11.5,56,0,10.8
1992,8,31,18.2,22.2,13,62,0,11.4
1992,9,1,16.6,25,9,45,0,10
1992,9,2,20.2,30,9.4,41,0,10
1992,9,3,22.1,31.2,11,41,0,10
1992,9,4,23.3,32.4,12.6,42,0,10.8
1992,9,5,23.2,32,14.4,49,0,10.8
1992,9,6,24.9,34,15.5,45,0,10.8
1992,9,7,24.8,33,16.4,42,0,11.1
1992,9,8,22.1,27.4,14.2,45,0,11.1
1992,9,9,21,27,13.2,53,0,11.3
1992,9,10,22.6,30.7,16,48,0,11.1
1992,9,11,21.1,30.2,11.8,41,0,10.1
1992,9,12,21.7,32,13,49,0,10.1
1992,9,13,23.4,32,15.4,47,0,10.6
1992,9,14,22.8,33.6,11,38,0,10.3
1992,9,15,23.2,34,11.8,39,0,10.1
1992,9,16,24.7,35,13,39,0,10.5
1992,9,17,25.1,33,16,46,0,10
1992,9,18,22.9,31.8,12.6,41,0,10
1992,9,19,22.5,32,13.4,43,0,10.6
1992,9,20,21.3,30.6,12.8,43,0,11.1
1992,9,21,19.8,26.6,11.6,45,0,10.5
1992,9,22,16.9,21.5,11.4,53,0,11.7
1992,9,23,16.2,24,7,52,0,11.4
1992,9,24,17.6,26,8.6,54,0,10.5
1992,9,25,19.7,27,11.4,58,0,10.8
1992,9,26,15.4,20.4,10.4,74,5.08,11.3
1992,9,27,13.6,18.3,9.2,63,9.91,11.1
1992,9,28,14.5,21.2,7,56,0,10.5
1992,9,29,16.3,24.4,7.6,58,0,10.5
1992,9,30,17.9,25,10.6,58,0,10.5
1992,10,1,18.5,26.8,11,53,0,10.8
1992,10,2,19.2,26.4,12,52,0,11.1
1992,10,3,21.1,27.2,17,46,0,11.1
1992,10,4,15.6,21,11,46,0,11.3
1992,10,5,15.6,21,12.6,50,0,11.4
1992,10,6,14.7,19,10.8,52,0,11.1
1992,10,7,13.7,21.3,5,55,0,10.8
1992,10,8,14.7,20.2,10,63,0.51,11.3
1992,10,9,13.2,17,11.8,77,1.02,9.2
1992,10,10,12.9,16.6,10,74,4.06,10.5
1992,10,11,10.8,12,9.8,92,19.05,8.2
1992,10,12,11.9,15.5,8.5,76,20.07,10.9
1992,10,13,12.6,17,8.8,69,0,10.6
1992,10,14,11.7,17.6,5,67,0,8.9
1992,10,15,10.3,14,5.4,80,0,8.9
1992,10,16,13.2,16,9.6,89,9.91,6.6
1992,10,17,12.6,16.5,8.6,62,7.11,11.3
1992,10,18,10.3,14,4.4,69,0,10.9
1992,10,19,11.4,15.2,8.6,85,13.97,9.5
1992,10,20,12.3,16.6,7.8,66,0,8.9
1992,10,21,9.8,14.5,5,60,0,10.8
1992,10,22,8.8,13.6,0,63,0,10.6
1992,10,23,14.8,18.5,10,59,0,12.1
1992,10,24,15.2,19,9,59,0,11.1
1992,10,25,12.3,20,5,68,0,10.8
1992,10,26,11.7,17,3.4,65,0,10.6
1992,10,27,13.6,17.2,10.6,80,0,9.2
1992,10,28,16.1,19,13.4,76,1.02,11.3
1992,10,29,15.8,18.4,14,77,1.02,10.9
1992,10,30,13,16,7,76,4.06,10.6
1992,10,31,8.3,11,5,59,0.51,12.1
1992,11,1,9,12,5,47,0,11.6
1992,11,2,8.3,16,1,65,0,11.1
1992,11,3,12.6,18.5,7.8,69,0,9.2
1992,11,4,12.5,20,6,72,0,10
1992,11,5,13.5,21,7.4,70,0,10.3
1992,11,6,13,20.7,6,73,0,9.7
1992,11,7,13,22,5.8,68,0,10.3
1992,11,8,13.1,21.4,7,62,0,10.1
1992,11,9,11.3,18,4.6,68,0,10.6
1992,11,10,11.5,18,5.4,77,0,8.9
1992,11,11,11.8,18,5.4,80,0,6.1
1992,11,12,13.2,17,7,57,0,11.6
1992,11,13,11.9,19,4,66,0,10.8
1992,11,14,11.7,15,7,77,0,7.7
1992,11,15,11.2,13,8,73,3.05,10.6
1992,11,16,8.6,13,3,62,0,10.6
1992,11,17,12,16.6,5.4,58,0,11.3
1992,11,18,13.8,18,7,61,0,11.1
1992,11,19,9.4,17,3.4,72,0,9.5
1992,11,20,8.9,17,2.6,73,0,9.5
1992,11,21,8.1,17,1.4,75,0,8.4
1992,11,22,7.9,18,0.8,69,0,8.5
1992,11,23,7.3,17.4,-0.4,68,0,10.3
1992,11,24,7.3,16.3,-0.8,68,0,9.3
1992,11,25,8.6,15,1.4,79,0,7.7
1992,11,26,11.8,15,6,79,0,7.6
1992,11,27,7.7,15.2,3,85,0,3.9
1992,11,28,8.1,17,0.1,77,0,6.3
1992,11,29,6.8,13.7,2,83,0,5.8
1992,11,30,6.2,9,1.8,87,0,4.7
1992,12,1,7.6,10.4,4,87,0.25,4.2
1992,12,2,11.5,13,8.8,83,0,8.4
1992,12,3,11.8,14,10,71,0,10
1992,12,4,10.7,13.2,8.4,80,3.05,9.3
1992,12,5,9.9,12.2,7.4,55,2.03,11.4
1992,12,6,10.2,13,6.2,80,0.51,10.1
1992,12,7,10.3,13,7,61,0,11.1
1992,12,8,7.2,12.5,1,53,0,11.3
1992,12,9,9.8,13,7,58,0,11.1
1992,12,10,7.7,11,4,60,0.25,10.9
1992,12,11,4.8,11,-0.2,64,0,10
1992,12,12,4.3,12,-2,66,0,10
1992,12,13,6.3,15,-0.6,76,0,12.1
1992,12,14,5.6,12,-0.2,75,0,10
1992,12,15,6.9,10,3,79,0,11.3
1992,12,16,8.2,9,6,85,6.6,10.1
1992,12,17,6.1,11,0.4,79,1.02,8.7
1992,12,18,5.9,9,3,85,0,7.9
1992,12,19,6.6,12.6,1.4,79,0,10.8
1992,12,20,7.5,13,1.4,78,0,11.3
1992,12,21,7.2,11,4,86,0,9.7
1992,12,22,7.6,13,2.8,81,0,10.6
1992,12,23,8.9,11,7,81,0,10
1992,12,24,8.6,12,7,83,0,11.1
1992,12,25,9.2,11,7.2,77,0.25,11.3
1992,12,26,9.7,13,7,72,1.02,11.1
1992,12,27,9.1,11,6,75,0,11.3
1992,12,28,5.3,8,2,88,0,6.1
1992,12,29,2.9,8.2,-1,86,0,6.8
1992,12,30,2.1,7.8,-2.4,76,0,8.5
1992,12,31,0.6,7,-3.8,78,0,8.7
1993,1,1,0.9,8.5,-5,76,0,10
1993,1,2,0.6,8.2,-4,74,0,10
1993,1,3,-0.1,7.4,-5.6,78,0,8.5
1993,1,4,-0.3,4,-5,84,0,5.3
1993,1,5,3.7,12,-3,76,0,9.3
1993,1,6,4.2,12,-1.6,75,0,7.9
1993,1,7,4.7,12.5,-2,76,0,6.3
1993,1,8,4.7,14,-1.8,76,0,5.8
1993,1,9,4.3,13,-1.4,77,0,7.7
1993,1,10,2.6,10,-3.6,84,0,2.7
1993,1,11,2.1,3.2,-0.2,92,0,2.1
1993,1,12,4.5,6,2.4,89,0,2.9
1993,1,13,7.4,10.5,5,89,0,5
1993,1,14,5.7,13.2,1,85,0,7.2
1993,1,15,4.9,12.4,-0.8,76,0,9.3
1993,1,16,3.2,10.2,-2,81,0,7.1
1993,1,17,3,10,-2.6,82,0,8.5
1993,1,18,2.8,13,-4.2,72,0,6.9
1993,1,19,3.7,14,-3,65,0,10
1993,1,20,3.9,13.4,-3.2,69,0,9.7
1993,1,21,4.3,14,-2.8,65,0,10
1993,1,22,4,15,-3,59,0,10
1993,1,23,4.2,15,-3.8,60,0,10.1
1993,1,24,3.8,14.6,-4.6,62,0,10.1
1993,1,25,4.2,14,-5.2,59,0,10.6
1993,1,26,8.1,16,1,56,0,10.1
1993,1,27,3.8,14.2,-4,62,0,10.1
1993,1,28,3.4,11.4,-3.6,71,0,8.2
1993,1,29,4.6,10.6,-0.6,79,0,7.2
1993,1,30,6.8,11.4,2.4,73,0,11.1
1993,1,31,8.9,13.4,6,69,0,11.1
1993,2,1,9.4,14.5,4.5,63,0,11.3
1993,2,2,9.2,13,5,63,0,11.3
1993,2,3,6.1,12.5,0,61,0,11.4
1993,2,4,6.5,12,1,66,0,11.3
1993,2,5,7.6,11,5.4,73,0,11.3
1993,2,6,7.7,11,4,76,0.25,11.1
1993,2,7,7.8,13.2,3.8,70,0,11.1
1993,2,8,6.1,13.3,0,67,0,11.1
1993,2,9,5.4,13.6,-2.4,67,0,10.1
1993,2,10,6.3,10,2,83,1.02,10.6
1993,2,11,7.7,10,6.6,91,9.91,8.4
1993,2,12,8.1,11.5,5,81,9.91,10.8
1993,2,13,7.9,12,4,73,0,11.3
1993,2,14,8.3,12,4,71,0,11.1
1993,2,15,7.1,15,1,64,0,10.6
1993,2,16,7.4,14,0,50,0,10.1
1993,2,17,7.7,14.4,0.4,56,0,10.3
1993,2,18,7.3,16.3,-0.6,66,0,10
1993,2,19,7.6,16.4,0.6,68,0,9.7
1993,2,20,8.8,17,1,47,0,10
1993,2,21,7.9,19,-1,51,0,10
1993,2,22,7.9,13.2,4,54,0,10.9
1993,2,23,4.4,9.6,0.2,52,0,10.8
1993,2,24,3.7,12,-3,41,0,10.8
1993,2,25,2.8,11,-5.2,48,0,10.3
1993,2,26,5.5,12.4,-2,53,0,11.1
1993,2,27,5.9,8.4,2.8,58,0,11.6
1993,2,28,2.8,7,-2,53,0,11.3
1993,3,1,0.8,5.7,-3.6,54,0,11.6
1993,3,2,4.2,8.4,-0.2,60,0.51,10.8
1993,3,3,5.3,12.6,-1.6,55,0,10.6
1993,3,4,5.6,13,-3,53,0,10.3
1993,3,5,7.3,15.6,0,46,0,10
1993,3,6,6.4,15,-2.4,57,0,10
1993,3,7,8.7,18.4,-2,51,0,10.8
1993,3,8,8.2,18.6,-2,51,0,10
1993,3,9,7.8,17,-1.4,59,0,10.6
1993,3,10,10.1,14,7,71,-,9.8
1993,3,11,9.4,12,7,76,1.02,10.8
1993,3,12,9.6,15.2,7,76,0.51,10.6
1993,3,13,8.9,11.6,6,77,1.02,10.3
1993,3,14,8.6,14,7,90,12.95,9.5
1993,3,15,10.5,14.8,8,73,0,10.6
1993,3,16,11.6,19,4,64,0,11.1
1993,3,17,12.1,21,4,59,0,10.3
1993,3,18,13.6,23.5,4,45,0,10.8
1993,3,19,13.9,21.4,6.4,52,0,10.8
1993,3,20,14.3,21.6,6.8,62,0,10.6
1993,3,21,14.4,20.5,8.5,58,1.02,10.8
1993,3,22,13.6,19,6,60,0,11.4
1993,3,23,14.1,19,10,67,0,11.1
1993,3,24,10.2,17.2,6,77,5.08,10.8
1993,3,25,7.9,13.4,4,44,0,10.5
1993,3,26,7.9,17,-1.8,40,0,10
1993,3,27,9.4,20,-1,41,0,10.9
1993,3,28,10.8,19.5,0,46,0,10.5
1993,3,29,11.3,20,2,48,0,10.6
1993,3,30,11.9,21,2,49,0,10.3
1993,3,31,13.2,22,3.4,49,0,10.5
1993,4,1,11,14.4,6,48,0,11.1
1993,4,2,8.4,15,0,49,0,11.6
1993,4,3,11.4,17.5,4.5,55,0,10.9
1993,4,4,13.7,19,9,55,0,11.3
1993,4,5,13.1,22,5,50,0,12.2
1993,4,6,14.2,24,4,53,0,10.8
1993,4,7,16.6,25.4,7.6,50,0,10.1
1993,4,8,17.8,26.5,6.4,45,0,10.8
1993,4,9,17.2,23.4,11,48,0,11.1
1993,4,10,14.5,19,10,50,0,10.9
1993,4,11,11.7,16,8.4,51,0,11.6
1993,4,12,8.7,14.2,5,70,3.56,10.6
1993,4,13,8.7,14.5,4,68,2.03,11.4
1993,4,14,8.7,15,5,65,0,11.3
1993,4,15,9.1,15.4,1,54,0,11.7
1993,4,16,10.4,17,3.4,45,0,10.8
1993,4,17,11.1,19,-0.1,41,0,11.1
1993,4,18,12.8,22.7,1.4,38,0,10.1
1993,4,19,14.3,24,3.8,41,0,10.5
1993,4,20,14.9,24.5,3.5,42,0,10.5
1993,4,21,12.5,15,8,60,0.51,11.4
1993,4,22,12.6,20.5,3.8,56,0,11.4
1993,4,23,10.8,19,4,64,0,11.3
1993,4,24,6.2,10.6,5,87,4.06,11.4
1993,4,25,7.2,11.8,4,82,3.56,10.6
1993,4,26,7.1,13.5,3,74,7.11,11.1
1993,4,27,9.5,16,5,69,3.05,10.9
1993,4,28,9.8,16,2.2,66,0,11.3
1993,4,29,11.1,15,8,71,0,11.4
1993,4,30,11.6,16.5,5.5,65,0,11.3
1993,5,1,12.2,17.8,7,66,0.51,10.5
1993,5,2,14.4,20,8,57,0,11.3
1993,5,3,15,21,7.5,62,1.02,11.3
1993,5,4,13.8,20.5,9,61,0.51,11.4
1993,5,5,16.4,23.5,9.5,49,0,11.1
1993,5,6,15.6,23,7,54,0,11.1
1993,5,7,16.8,24.2,9.8,57,0,10.6
1993,5,8,17.1,27.5,9.5,54,0,11.3
1993,5,9,16.8,25.6,9.4,59,1.02,11.3
1993,5,10,15.8,21,12,61,7.11,11.3
1993,5,11,14.1,19.5,9,67,0.25,11.6
1993,5,12,13.7,20.4,7,65,0,11.6
1993,5,13,14.2,18.6,11.4,69,0.25,11.1
1993,5,14,15.6,21,11,59,0.25,11.3
1993,5,15,16,24,12,55,0,11.3
1993,5,16,16.1,23.6,6.5,52,0,11.1
1993,5,17,14.6,25,9,67,2.03,10.3
1993,5,18,14.4,18.4,10,63,5.33,11.1
1993,5,19,12.6,16.8,8,53,0,11.1
1993,5,20,12.5,18.2,6,46,0,11.3
1993,5,21,14.3,23.5,3,44,0,10.5
1993,5,22,16.7,23.5,8.8,49,0,10.9
1993,5,23,16.2,22.4,9.4,64,0,10.9
1993,5,24,15.9,19.5,12,79,6.1,10.8
1993,5,25,14.8,19,13,81,20.07,10.1
1993,5,26,14.3,18.2,12,72,1.02,10.3
1993,5,27,15,20,11.2,63,8.89,11.4
1993,5,28,15.4,22.5,7.5,56,0,10.8
1993,5,29,18,25.5,8.5,50,0,11.1
1993,5,30,18.3,23.4,13.2,49,0,11.1
1993,5,31,19.3,28,9.6,47,0,10.8
1993,6,1,20.2,27,12,48,0,10.9
1993,6,2,19.2,26,11,46,0,10.6
1993,6,3,21.1,29,11.4,42,0,10.6
1993,6,4,21.4,30,11,45,0,11.1
1993,6,5,18.9,26.7,14,61,0,10.8
1993,6,6,18.2,23,13.8,66,23.11,10.9
1993,6,7,17.3,21,14.6,72,7.87,11.1
1993,6,8,17.5,22,14.5,74,4.06,11.3
1993,6,9,18.6,24,13,66,0.51,10.5
1993,6,10,16.7,20,13,60,4.32,11.1
1993,6,11,16.4,21,10,48,0,11.4
1993,6,12,16.9,24,8.6,52,0,10.1
1993,6,13,19.3,26.6,10.5,46,0,10.8
1993,6,14,21.1,29,12,42,0,10.1
1993,6,15,23.7,31.2,14.5,46,0,10.3
1993,6,16,23.9,32,14,42,0,10.1
1993,6,17,24.9,34,14,38,0,12.2
1993,6,18,24.1,33.8,15,49,0,10.5
1993,6,19,23.9,32.8,16,50,1.02,10.8
1993,6,20,24.6,32.6,16,44,0,11.7
1993,6,21,21.4,26,17,49,0,11.6
1993,6,22,18.9,23,15,55,0,11.4
1993,6,23,21.1,27,16,49,0,11.6
1993,6,24,22.4,30,12.8,47,0,11.1
1993,6,25,21.9,26.5,17.5,53,0,11.4
1993,6,26,24.6,33.5,14,44,0,10.6
1993,6,27,26,34.5,15.2,39,0,10.1
1993,6,28,23.5,27,19.5,45,0,10.6
1993,6,29,21,26.4,16,52,0,12.2
1993,6,30,20.6,27.8,15.6,56,0,11.3
1993,7,1,19.9,25,14.8,59,0,11.1
1993,7,2,19.8,26,13,52,0,12.4
1993,7,3,20.6,27.5,14,54,0,15.8
1993,7,4,22.1,27.5,10,59,0,15.6
1993,7,5,24.3,31.8,16.6,50,0,13
1993,7,6,23.6,30.5,14.5,47,0,13.7
1993,7,7,23.3,33,12.5,35,0,11.7
1993,7,8,25.9,34.6,17,40,0,11.7
1993,7,9,26.6,35,18,40,0,12.1
1993,7,10,21.9,26.5,16,44,0,11.4
1993,7,11,18.5,26.5,10.2,42,0,15.4
1993,7,12,21.8,30.2,12.6,38,0,14.3
1993,7,13,24.1,34,15,41,0,13.4
1993,7,14,26.1,35.2,15.8,40,0,13
1993,7,15,27.7,37,18.2,39,0,11.7
1993,7,16,28.8,37.8,19.2,35,0,11.6
1993,7,17,28.4,37,18,31,0,13.7
1993,7,18,27.8,36.6,17,35,0,11.6
1993,7,19,26.5,35.5,18,41,0,13
1993,7,20,22.5,29.2,16.8,43,0,14.8
1993,7,21,21.1,29,13,42,0,15
1993,7,22,24.7,34,12.5,38,0,12.1
1993,7,23,26.6,35.4,16.4,40,0,13.7
1993,7,24,28.4,36.2,19.6,37,0,10.8
1993,7,25,27.4,37,16,35,0,12.7
1993,7,26,26.7,36.5,18,45,0,11.6
1993,7,27,27.9,36,19,40,0,12.6
1993,7,28,30.2,39,18,39,0,12.2
1993,7,29,30.9,39,21.6,35,0,12.2
1993,7,30,26.8,33.8,18.4,41,0,10.6
1993,7,31,24.2,32,16,48,0,10.8
1993,8,1,27.1,34.4,21,45,0,12.1
1993,8,2,26.7,34.5,17,42,0,11.3
1993,8,3,27.7,36.5,17,36,0,10.9
1993,8,4,26.7,37,15.3,40,0,12.1
1993,8,5,27.7,38.8,19.2,49,0,10.6
1993,8,6,25.2,36,19,56,-,10.3
1993,8,7,25.2,34,16,43,4.06,12.4
1993,8,8,25.3,34,14.2,40,0,11.1
1993,8,9,25.6,33.8,17.4,43,0,14.8
1993,8,10,27.2,36,16.4,36,0,13
1993,8,11,27.9,36.2,19,41,0,14.8
1993,8,12,29.4,36.2,22,34,0,11.6
1993,8,13,27.2,36.5,18,35,0,10.9
1993,8,14,24.2,30.8,14.6,36,0,14.8
1993,8,15,24.1,31.5,16.6,45,0,11.3
1993,8,16,25.8,34,16.6,44,0,12.4
1993,8,17,27.1,33,20,42,0,10.1
1993,8,18,27.6,36,19.4,42,0,10.6
1993,8,19,30,39,20,35,0,10.1
1993,8,20,30.8,41,21.2,35,0,11.9
1993,8,21,28.2,33.5,22.5,42,0,13.7
1993,8,22,25.3,32,16,42,0,12.7
1993,8,23,24.1,31,14.5,45,0,13.4
1993,8,24,23.4,29.5,15,48,0,11.9
1993,8,25,20.1,25,14,54,0,11.3
1993,8,26,17.6,23.2,11,51,0,12.1
1993,8,27,18.2,23.2,10.8,53,0,12.2
1993,8,28,18,23,11,49,0,16.3
1993,8,29,18.1,25,9.4,43,0,15
1993,8,30,21.1,28,12.3,46,0,12.9
1993,8,31,21.9,29,11.5,50,0,11.3
1993,9,1,23.8,33,14,43,0,13.7
1993,9,2,24.2,33,14.5,41,0,10.5
1993,9,3,23.5,32,15,46,0,11.3
1993,9,4,23.8,32.4,15,49,0,11.1
1993,9,5,22.8,30.2,14,41,0,11.6
1993,9,6,19.8,27,14,50,0,14.2
1993,9,7,20.8,25.6,18.3,50,0,14.8
1993,9,8,17.7,23.2,15.4,68,1.02,14.8
1993,9,9,18.9,24.4,13,49,0,19
1993,9,10,19.7,23,9.8,41,0,13.7
1993,9,11,18.8,27,10.3,44,0,13.4
1993,9,12,18.3,24.5,9.5,56,0,14.8
1993,9,13,15.7,19.6,10,42,0,13.4
1993,9,14,16.2,21.5,8.6,47,0,15.1
1993,9,15,16.7,24,13.5,63,0,12.9
1993,9,16,18.3,25,9.4,49,0,13
1993,9,17,19.4,24,14.6,56,0,10.8
1993,9,18,18.6,25,12.5,53,0,12.4
1993,9,19,20.7,27.4,11.4,48,0,13.5
1993,9,20,20.9,28,12,47,0,11.6
1993,9,21,19.4,25,14,59,0,12.2
1993,9,22,17.2,22,14,56,16,10.9
1993,9,23,14.2,19.5,10.6,47,0,12.9
1993,9,24,14.4,21.5,6,47,0,13.4
1993,9,25,14.6,22,5.2,50,0,12.7
1993,9,26,15.2,21,10,47,0,14.3
1993,9,27,15,20.4,11,43,0,16.1
1993,9,28,13.3,21,7,49,0,16.1
1993,9,29,12.4,21.5,4,64,2.03,12.2
1993,9,30,15.2,21,11,57,0.51,9.8
1993,10,1,15.2,20.5,11,62,0,11.7
1993,10,2,14.3,18.5,11,49,0,13.7
1993,10,3,16.3,21.2,12.4,51,0,12.9
1993,10,4,16.1,23,8,59,0,13.8
1993,10,5,14.7,16.2,12,73,3.05,10.6
1993,10,6,13.1,18,10,69,0,11.3
1993,10,7,10.8,15,8,81,7.11,10.3
1993,10,8,10.2,14.5,4,64,14.99,11.6
1993,10,9,10.6,14,7.8,91,7.11,5
1993,10,10,16.3,19,13.4,80,20.07,9.7
1993,10,11,14.3,18,11.6,82,32,10.3
1993,10,12,12.8,16.8,9.6,71,0.51,11.6
1993,10,13,12.7,15,10,70,1.02,11.3
1993,10,14,11.1,14.2,9,67,0,12.1
1993,10,15,10.6,14,7,74,0,10.1
1993,10,16,12.8,17,10,67,1.02,9.5
1993,10,17,12.6,15.4,10,76,4.06,10.3
1993,10,18,11.8,16,7,80,0,9.7
1993,10,19,12.5,19,6,66,0,13
1993,10,20,12.7,19.3,6,64,0,12.9
1993,10,21,11.2,15.5,7.5,55,0,13.8
1993,10,22,9.3,14.5,5,48,0,11.1
1993,10,23,8.8,13,6,50,0,10.9
1993,10,24,7.7,13,1.4,63,0,11.4
1993,10,25,9.7,14,2.6,60,0,11.3
1993,10,26,6.9,9,5,88,6.1,9.3
1993,10,27,9.6,12,7.2,86,23.11,9.7
1993,10,28,8.9,12.2,5.8,84,0,9.2
1993,10,29,10.1,12,9,82,0,8.9
1993,10,30,9.8,12,5.5,81,0,11.6
1993,10,31,11.7,14,10,89,0,9.7
1993,11,1,13.8,18,10,83,1.02,10.6
1993,11,2,12.1,14.5,10,82,5.08,9
1993,11,3,10,12.5,8,85,6.1,10.3
1993,11,4,10.3,20,8,84,14.22,9.8
1993,11,5,9.1,11.6,6.4,83,1.02,9
1993,11,6,7.9,10,4,77,0,12.1
1993,11,7,7.9,11,4.4,87,0,6.6
1993,11,8,9.4,14,7,72,0,7.9
1993,11,9,9.8,15.2,5,62,0,13.2
1993,11,10,9.4,15.4,3,70,0,10.6
1993,11,11,10.7,15,2.5,79,0,8
1993,11,12,10.6,16.5,5.8,76,0,11.7
1993,11,13,11.4,16,7.6,72,0,10.8
1993,11,14,10.4,16.5,5,77,0,8.7
1993,11,15,10.4,17,5,42,0,13.7
1993,11,16,5.1,13,-2,59,0,11.3
1993,11,17,5.3,13,-1.5,70,0,10.6
1993,11,18,5.7,13,1,73,0,9.7
1993,11,19,4.4,10,-1.8,83,0,6.3
1993,11,20,5.5,11,2,72,0,6.4
1993,11,21,2.9,10.2,-3,71,0,10.8
1993,11,22,4.4,10,-1,72,0,9
1993,11,23,7.2,12,4,75,0,11.3
1993,11,24,7.3,14,0.8,69,0,11.1
1993,11,25,7.9,13,0.6,71,0,11.4
1993,11,26,6,13,0,73,0,9.5
1993,11,27,5.2,11.6,-1,76,0,7.4
1993,11,28,6.9,10,3.5,86,4.06,6.9
1993,11,29,8.8,12.6,7,94,0,3.1
1993,11,30,9.6,11,8,75,3.05,9.3
1993,12,1,9.1,13,5,53,0,12.6
1993,12,2,6.9,15.5,0,75,0,11.6
1993,12,3,6.6,14.6,1,78,0,10.5
1993,12,4,6.6,15,0,79,0,7.9
1993,12,5,6.8,13.2,2.8,83,0,4
1993,12,6,6.8,10,3,89,0,1.6
1993,12,7,4.4,6,2,93,0,1.4
1993,12,8,5,8,2,86,0,2.3
1993,12,9,3.9,6,2,98,0,0.6
1993,12,10,4.9,12,-0.2,89,0,4.2
1993,12,11,5,9,2,95,0,1.4
1993,12,12,5.3,14,-0.5,80,0,10.9
1993,12,13,4.6,10,-1,81,0,8.9
1993,12,14,5.9,8,5,77,1.02,9.8
1993,12,15,4.1,10.6,-2,71,0,10.3
1993,12,16,7.1,12.5,3,79,0,12.9
1993,12,17,4.1,6,-0.5,92,0,3.9
1993,12,18,4.6,6,2.8,93,0,2.6
1993,12,19,5.7,7,4,94,0,1.4
1993,12,20,5.1,7,3,98,0,0.8
1993,12,21,6.2,9,4.2,88,0,4.2
1993,12,22,3.9,10.4,-1,62,0,11.7
1993,12,23,1.1,8.5,-4.6,68,0,11.6
1993,12,24,7.5,14.5,-2,60,0,12.7
1993,12,25,8.6,12,3,62,0,15.1
1993,12,26,12.6,14.4,11,58,0,10.8
1993,12,27,8.9,12,5,62,0,10.8
1993,12,28,7.7,12.5,4.4,72,0,10.1
1993,12,29,6.9,9,4.8,97,0,2.3
1993,12,30,8.6,10,7,95,0,2.1
1993,12,31,9.8,12.5,7.5,91,0,7.6
1994,1,1,10.3,13.5,7,60,0,12.1
1994,1,2,8.6,12.2,5.4,85,0,9
1994,1,3,9.7,12,8.5,93,1.02,9.5
1994,1,4,8.1,11,4,62,2.03,13
1994,1,5,5.8,8.5,2,83,0,11.1
1994,1,6,5.7,8,3,74,7.11,11.7
1994,1,7,4.4,8,0.6,64,0,11.1
1994,1,8,3.4,8,-0.4,88,3.05,8.9
1994,1,9,9.9,11,8,84,4.06,10.9
1994,1,10,6.7,10.6,5,75,4.57,11.7
1994,1,11,5.8,8,2.9,83,0,10.5
1994,1,12,9.9,14,6,84,0,8.4
1994,1,13,7.4,10,2.5,87,0,3.2
1994,1,14,7.2,11,0,87,0,6
1994,1,15,7.8,11.5,6,64,0,12.2
1994,1,16,5.8,9,3,55,0,11.9
1994,1,17,4.3,7,1,57,0,12.1
1994,1,18,2.4,8,-1.6,49,0,14.2
1994,1,19,1.4,7.4,-4,55,0,12.2
1994,1,20,3.6,9.4,-1.2,50,0,14
1994,1,21,4.4,10.2,-2.5,56,0,10.6
1994,1,22,3,9.5,-4.5,66,0,13
1994,1,23,2.4,11.2,-5.2,67,0,11.6
1994,1,24,4.1,13,-2,-,0,9.2
1994,1,25,4.3,14.4,-3,71,0,9.2
1994,1,26,6.4,16,-1.8,63,0,12.4
1994,1,27,4.7,14,-3,65,0,11.7
1994,1,28,6,16,-4,68,0,13.4
1994,1,29,7.1,17,-1,59,0,13.7
1994,1,30,5.4,14,-1,70,0,12.1
1994,1,31,4.4,16,-3,71,0,12.2
1994,2,1,4.8,13.8,-2.6,70,0,9.7
1994,2,2,4.3,10,-3,77,0,7.6
1994,2,3,6.7,8,5,83,7.11,9.7
1994,2,4,3.4,6,0.4,60,0,11.1
1994,2,5,2.2,9.1,-4.5,66,0,12.1
1994,2,6,1.5,8,-5,74,0,12.1
1994,2,7,4.6,11.4,0,79,0.51,10.3
1994,2,8,5.1,11.5,0.5,60,0,12.6
1994,2,9,3.6,12.5,-4,67,0,11.7
1994,2,10,6.1,15.6,-1,63,0,10.8
1994,2,11,6.4,17,-1.6,65,0,10
1994,2,12,6.7,17,-1,61,0,10.1
1994,2,13,6.8,15.8,-2,57,0,11.6
1994,2,14,7.5,11,4,68,0,11.1
1994,2,15,6.1,10,2,72,0,11.3
1994,2,16,6.9,9.4,5,81,2.03,10.1
1994,2,17,6.7,14,-0.5,77,0,10.3
1994,2,18,9.5,13,5,57,0,13.2
1994,2,19,5.9,12.6,-1.5,74,0,11.1
1994,2,20,9.7,14,5,64,2.03,12.9
1994,2,21,6.3,13,0.5,78,12.95,12.9
1994,2,22,7.2,12,2,90,0,8.7
1994,2,23,10.2,13,8,71,0,11.4
1994,2,24,10.6,15.8,5.8,75,0,11.9
1994,2,25,8.2,16,3,79,2.03,7.9
1994,2,26,9.9,18,2.5,63,0,11.9
1994,2,27,8.5,12,6,84,8.89,11.3
1994,2,28,8.1,10.5,7,85,7.87,10.6
1994,3,1,9.4,16,4.5,64,2.03,12.7
1994,3,2,8.8,16.8,1,63,0,13.5
1994,3,3,11.7,19.4,4,69,0,10.5
1994,3,4,12.7,20.5,4,69,0,12.9
1994,3,5,11.7,17,5.2,76,0,10.6
1994,3,6,13.6,19,8,61,0,11.9
1994,3,7,10.4,19,2.5,63,0,12.6
1994,3,8,11.6,20.4,3.8,63,0,11.1
1994,3,9,12.9,21.1,4,59,0,10.5
1994,3,10,13.2,19,5,59,0,10.9
1994,3,11,11.9,17,7,66,0,11.9
1994,3,12,12,17,8,71,0,10.9
1994,3,13,11.2,18,6,64,0,11.4
1994,3,14,11.8,20,3.8,56,0,12.1
1994,3,15,12.7,21,5,53,0,10.9
1994,3,16,13.8,22,3,47,0,10
1994,3,17,12.9,21.7,3.4,53,0,10.9
1994,3,18,12.3,22.5,3,57,0,11.6
1994,3,19,13.3,22,4,53,0,10
1994,3,20,11.2,19,2,56,0,11.3
1994,3,21,12.3,20.4,4,58,0,11.1
1994,3,22,11.4,18.5,5,55,0,12.4
1994,3,23,11.2,20,2,59,0,11.6
1994,3,24,13.4,24.6,2.5,53,0,13
1994,3,25,13.9,25.5,4.5,52,0,12.2
1994,3,26,14.6,23,8.2,53,0,13.7
1994,3,27,12.2,20.4,2.4,57,0,14.5
1994,3,28,14.2,22,7,59,0,12.7
1994,3,29,14.3,21,4,54,0,12.6
1994,3,30,14.7,20,9,56,0,11.7
1994,3,31,14.8,20,10,63,0,11.1
1994,4,1,13.9,18.8,10,61,0,10.9
1994,4,2,8.9,15.4,2.2,53,0,12.1
1994,4,3,10.8,16.8,4.2,49,0,14.3
1994,4,4,12.6,19.8,5,59,0,12.7
1994,4,5,13,19.7,9,48,0,13.5
1994,4,6,12.1,19,2,47,0,13.7
1994,4,7,14.6,21,2.4,49,0,14.2
1994,4,8,12.6,20,5,45,0,12.2
1994,4,9,13.2,18.2,5.8,46,0,14
1994,4,10,13.3,19.5,8,52,0,14.3
1994,4,11,9.6,13.6,6,47,0,12.9
1994,4,12,9.6,18.5,1,48,0,12.4
1994,4,13,11.3,20,3,41,0,10.5
1994,4,14,9.8,16.5,3,49,0,15.6
1994,4,15,6.3,10,3,64,0,12.1
1994,4,16,6.1,12,2,52,0,13.4
1994,4,17,7.6,14.6,-2.5,55,0,13.5
1994,4,18,8.7,14,-1,58,0,12.9
1994,4,19,8.2,11.5,6,78,5.08,10
1994,4,20,9.6,14,3.5,77,3.05,11.1
1994,4,21,10.3,16,3.6,63,0,10.8
1994,4,22,9.3,16.7,2,68,0.51,11.1
1994,4,23,11.3,18,5.6,67,2.03,11.4
1994,4,24,10.6,15.5,6,64,20.07,11.4
1994,4,25,11.3,17.4,7,54,0,12.7
1994,4,26,13.9,22.6,4.8,58,0,13
1994,4,27,17.4,26,8,55,0,11.9
1994,4,28,19.4,28.5,7,55,0,15.6
1994,4,29,19.6,29,10,49,0,14.5
1994,4,30,20.6,30.5,9,49,0,13.4
1994,5,1,20.5,29,10.2,48,0,12.1
1994,5,2,21.7,30.5,11,50,0,11.3
1994,5,3,22.3,32.5,11,47,0,11.3
1994,5,4,22.4,33,17,46,33.02,12.2
1994,5,5,18.2,27.4,10,47,0,15.6
1994,5,6,20.2,29.8,8.6,43,0,13.4
1994,5,7,16.9,21,13.8,74,4.06,10.5
1994,5,8,14.3,20.6,7.5,53,0,13.2
1994,5,9,16.2,21,11.6,58,0,11.1
1994,5,10,17.1,26,7,55,0,12.7
1994,5,11,14.2,18,11,52,0,14.3
1994,5,12,13.7,20,6,49,0,15.1
1994,5,13,10.4,13.5,7,84,23.11,8.9
1994,5,14,12.1,23,8.5,79,2.03,11.6
1994,5,15,12.1,16.2,8.8,83,3.05,10.5
1994,5,16,12.5,16.8,8.8,75,9.91,11.4
1994,5,17,11.9,17,7.3,72,4.06,9.7
1994,5,18,13.7,18.5,9.5,60,0,12.1
1994,5,19,12.4,14.6,11,78,3.05,8.9
1994,5,20,12.9,16,9.2,72,6.1,10.8
1994,5,21,15.5,20,12.2,84,3.05,9
1994,5,22,17.8,22.3,12.6,73,3.05,11.3
1994,5,23,16.7,21.5,11,72,0,12.7
1994,5,24,18.6,22.5,14,55,0,15.1
1994,5,25,17.7,24.4,8.6,56,0,12.6
1994,5,26,17.6,24.4,10.6,50,0,15.3
1994,5,27,19.2,27.5,9,50,0,13.8
1994,5,28,19.9,27,10,47,0,12.4
1994,5,29,22.1,30,11.5,46,0,13.8
1994,5,30,22.1,31,12,49,0,12.6
1994,5,31,22.6,32,11.4,47,0,11.7
1994,6,1,22.8,29,17,56,7.11,10.5
1994,6,2,18.1,23,10.8,62,0,10.9
1994,6,3,17.9,25.7,9,56,0,13.5
1994,6,4,19.7,29,9,49,0,14.2
1994,6,5,22.6,31.5,11,50,0,15.3
1994,6,6,23.7,33,10.8,41,0,14.5
1994,6,7,24.5,33,15.5,45,0,12.4
1994,6,8,23,31.2,16,55,0,12.1
1994,6,9,19.5,26.6,12,43,0,11.7
1994,6,10,19.5,28,9.6,37,0,13.5
1994,6,11,18.9,25.5,11.8,35,0,13
1994,6,12,16.7,23,9.2,40,0,14.3
1994,6,13,18.6,26.4,9.6,42,0,12.4
1994,6,14,22.1,30.2,10.7,38,0,12.9
1994,6,15,23.9,32.2,12.8,42,0,10.5
1994,6,16,23.8,31.4,14,41,0,11.4
1994,6,17,24.3,31,15,46,0,11.7
1994,6,18,22.7,28,18,47,0,11.7
1994,6,19,21.5,28.4,12,50,0,13
1994,6,20,22.8,31,13,46,0,12.4
1994,6,21,25.3,32.3,13.6,44,0,13
1994,6,22,25.9,33.2,16.7,40,0,9.8
1994,6,23,25.4,33.5,15,43,0,10.1
1994,6,24,27.7,34,20,41,0,11.3
1994,6,25,20.2,23.4,15,44,0,14.5
1994,6,26,20.6,28,10.5,46,0,14
1994,6,27,23.6,32.6,13,43,0,12.9
1994,6,28,26.8,36,16,42,0,12.6
1994,6,29,28.8,38.2,17,36,0,16.9
1994,6,30,31.3,39,18,32,0,12.9
1994,7,1,29.3,38,19,38,0,10.6
1994,7,2,29.4,38.5,18.5,36,0,11.6
1994,7,3,28.3,36.2,17,33,0,12.6
1994,7,4,28.6,37.5,17,34,0,12.9
1994,7,5,27.9,36,18.5,37,0,12.1
1994,7,6,26.3,33.4,18,38,0,12.1
1994,7,7,26.1,34,15,41,0,14.3
1994,7,8,27.5,35,16.5,37,0,12.7
1994,7,9,28.6,37,18,40,0,13
1994,7,10,28.8,37.7,17.6,37,0,13.8
1994,7,11,27.8,37.5,14,33,0,11.6
1994,7,12,27.9,37.5,15.5,36,0,10.8
1994,7,13,27.7,36,16,38,0,10
1994,7,14,29.7,37.6,18,36,0,10.8
1994,7,15,30.5,38.3,22.6,36,0,11.3
1994,7,16,27.4,34.5,20.6,43,0,11.9
1994,7,17,26,35.5,15.5,44,0,12.6
1994,7,18,27.6,35.5,16.4,42,0,12.7
1994,7,19,28.9,37.4,18.6,38,0,10.5
1994,7,20,28.3,37.7,16.7,36,0,12.2
1994,7,21,28.1,37,17,39,0,12.2
1994,7,22,26.6,35,16,34,0,11.7
1994,7,23,26.5,34.6,15,36,0,12.2
1994,7,24,26.4,34,18,37,0,10.5
1994,7,25,25.8,34.2,14.6,36,0,12.7
1994,7,26,28.1,37,18.5,42,0,12.1
1994,7,27,29.9,38,19.8,42,0,10.5
1994,7,28,30.1,38,21,39,0,11.3
1994,7,29,28.6,37,21,44,0,10.3
1994,7,30,26.1,33.4,16.8,50,3.05,12.1
1994,7,31,25.4,30,20,41,0,11.1
1994,8,1,25.2,30.3,19.2,44,0,10.8
1994,8,2,26.2,34.4,15.6,43,0,14
1994,8,3,29.1,36.4,20.4,47,0,11.3
1994,8,4,29.1,35,19,48,0,12.2
1994,8,5,28.3,36.5,19,45,0,12.7
1994,8,6,28,37,17.2,36,0,15
1994,8,7,26.8,35.5,15,33,0,13.2
1994,8,8,27.1,36.3,13.5,35,0,13.8
1994,8,9,23.6,27,20,49,0,15.4
1994,8,10,21.6,26,16,57,0,14.5
1994,8,11,23.6,30,13,51,0,10.6
1994,8,12,25.1,34,13.8,43,0,14.3
1994,8,13,26.4,34,17,40,0,10.8
1994,8,14,25.8,34,19,54,0,11.7
1994,8,15,27.2,35.2,17.6,47,0,15.3
1994,8,16,29.4,36,19,39,0,14.5
1994,8,17,27.8,37,18,36,0,13.7
1994,8,18,28,36,17.5,40,0,11.6
1994,8,19,28.3,38,18,38,0,12.1
1994,8,20,29.3,37,24,37,0,13.7
1994,8,21,27.9,36.5,18.3,41,0,11.1
1994,8,22,27.3,37,15,38,0,11.6
1994,8,23,26.7,35,18.6,42,0,13.8
1994,8,24,24.6,32,16.5,44,0,12.9
1994,8,25,24.7,33,14.4,45,0,13.8
1994,8,26,27.2,35.4,17,42,0,13.7
1994,8,27,28.3,38,18,43,0,14.2
1994,8,28,28,37,16.4,39,0,15
1994,8,29,26.8,36.4,16.4,39,0,12.7
1994,8,30,26.1,33,18,44,0,11.9
1994,8,31,23.2,29.4,16.2,51,0,12.4
1994,9,1,23,30,10.5,49,0,13.2
1994,9,2,20.8,28,16,57,0,11.3
1994,9,3,27.7,33.5,24,37,0,11.7
1994,9,4,23.9,30,17,50,0,14.3
1994,9,5,23,31,13.8,50,0,12.1
1994,9,6,23.7,33,12,45,0,12.6
1994,9,7,23.9,33.4,14.4,47,0,11.9
1994,9,8,20.6,25,12.5,48,0,12.2
1994,9,9,20.9,29,12,47,0,11.3
1994,9,10,22.4,30.4,13.4,56,0,13.8
1994,9,11,24.2,31.4,15,50,0,14.2
1994,9,12,22.6,27,14,56,0,12.9
1994,9,13,18.1,22,11,58,0,12.7
1994,9,14,15.9,21.5,10.5,53,0,13.2
1994,9,15,16.9,22.6,11.4,49,0,13.7
1994,9,16,19.6,25.8,13.4,52,0,13
1994,9,17,17,24,10,49,0,12.6
1994,9,18,15.6,23,5.8,48,0,13.4
1994,9,19,17.3,27.6,5,45,0,12.7
1994,9,20,19.6,28,8.6,51,0,12.6
1994,9,21,15,20,10.5,57,0,13.4
1994,9,22,12.4,21,6,69,0.51,13.2
1994,9,23,11.1,14,9,89,6.1,10.8
1994,9,24,13.1,19,7.4,72,0,11.1
1994,9,25,15.1,21.6,7,62,0,10.9
1994,9,26,15.3,22.5,8,64,0,11.1
1994,9,27,17.2,21,14,60,0,11.9
1994,9,28,16.6,22.5,12,66,0,12.9
1994,9,29,16.7,22.2,13,70,7.87,12.1
1994,9,30,17.2,23,13.5,69,0,10.8
1994,10,1,16.6,24.8,12.4,72,0,10.8
1994,10,2,17.7,24,11.8,70,0,14.3
1994,10,3,18.4,26,9,61,0,10.8
1994,10,4,17.5,23,13,66,0,10.9
1994,10,5,15.1,18,13,76,0.51,11.6
1994,10,6,17.1,23,12.1,60,0,12.2
1994,10,7,16.2,23,9,61,0,10.9
1994,10,8,15.2,23,7,66,0,10.8
1994,10,9,16.6,22,13,70,0,10.6
1994,10,10,17.1,22.3,14,81,3.05,9.8
1994,10,11,17.3,24.4,11,68,0,10.9
1994,10,12,18,25,11,64,0,11.4
1994,10,13,18.3,26,9.3,63,0,11.6
1994,10,14,16.4,21,12,80,0.25,7.9
1994,10,15,17.6,23,14,78,10.92,8.4
1994,10,16,14.7,22,10.8,81,0,11.3
1994,10,17,15.3,22,8,70,0,12.4
1994,10,18,16.3,22,12,69,0,11.4
1994,10,19,15.3,17,13,77,0,12.1
1994,10,20,13.2,18,6.7,72,0,11.6
1994,10,21,14.1,16.4,11.2,68,0,12.7
1994,10,22,16.4,21,13,82,2.03,11.3
1994,10,23,14.7,19,10.4,64,0,12.1
1994,10,24,12.9,18.4,8,62,0,10.6
1994,10,25,13.4,17,7,77,0,11.1
1994,10,26,14.5,19,11,75,0.51,9.5
1994,10,27,13.3,17.2,9.5,83,1.02,11.3
1994,10,28,14,18,10,64,7.87,11.9
1994,10,29,11.3,19,4.6,68,0,13
1994,10,30,11.7,20,4.6,69,0,10.5
1994,10,31,11.7,20,4,73,0,10.9
1994,11,1,13.1,21,5,71,0,10.1
1994,11,2,14.2,19.5,9.8,74,0,10.5
1994,11,3,11.9,15.4,8.6,86,0.51,8.4
1994,11,4,9.1,11,6.4,92,4.06,10
1994,11,5,9.8,13,7.4,76,0,11.1
1994,11,6,9.4,13,4.4,83,0.51,11.4
1994,11,7,12.1,15.5,9.5,82,8.89,11.6
1994,11,8,12.7,15,9.8,84,0,11.3
1994,11,9,13.9,17,12,83,11.94,10.3
1994,11,10,13.5,16,9.5,82,0,12.6
1994,11,11,14.1,21.1,7.6,66,0,10.9
1994,11,12,13.5,19,10.6,70,2.03,10.1
1994,11,13,10.8,17.2,4.8,62,0,13.8
1994,11,14,9.1,17,2.2,73,0,13
1994,11,15,9.6,18.4,2.2,76,0,8.2
1994,11,16,9.4,16,3,80,0,6.4
1994,11,17,9.3,15,5,84,0,3.1
1994,11,18,10.2,18.5,3,79,0,4.7
1994,11,19,10.4,20,3,76,0,6.6
1994,11,20,10.6,20,3.2,75,0,11.4
1994,11,21,11.1,20,3.2,77,0,11.1
1994,11,22,11.3,20.6,4.6,74,0,11.7
1994,11,23,9.8,20,3,82,0,10.3
1994,11,24,7.8,15,1.5,87,0,2.4
1994,11,25,8.3,16,2,77,0,9.8
1994,11,26,8.1,17,-1,72,0,10.6
1994,11,27,6.7,15.4,-1.4,81,0,5.8
1994,11,28,10.1,13,7.4,72,0,10.6
1994,11,29,11.4,16.4,8,72,0,10.9
1994,11,30,9.3,16,4.3,81,0,11.1
1994,12,1,8.8,15,0.4,76,0,10.1
1994,12,2,10.7,15,7,76,0,11.7
1994,12,3,11.2,14,7.6,86,0,10.5
1994,12,4,11.6,14.2,7.8,83,0,7.6
1994,12,5,11.2,14,8.5,91,1.02,7.6
1994,12,6,9.2,12,6.8,86,0,9.3
1994,12,7,7.8,11.4,5.2,92,3.05,6.4
1994,12,8,6.8,12.4,3.2,86,0,5.8
1994,12,9,8.2,18,5,88,0,4.5
1994,12,10,10.6,16,6,84,0,6.1
1994,12,11,9,18,2.8,75,0,9.8
1994,12,12,9.2,19.4,1,75,0,12.7
1994,12,13,9.2,19,2.4,74,0,11.9
1994,12,14,7.7,17,1,79,0,9.2
1994,12,15,6.1,8,3,95,0,1.9
1994,12,16,4.7,9,1.8,87,0,5.5
1994,12,17,6.1,11,0.4,82,0,9.2
1994,12,18,3.7,7,-1,93,1.02,2.4
1994,12,19,5.7,10,1.2,72,0,8.2
1994,12,20,3.2,11,-3.5,72,0,10.8
1994,12,21,2.8,10.6,-4.4,82,0,9.5
1994,12,22,6,11,1.2,63,0,10.6
1994,12,23,3.4,8,0,52,0,15.3
1994,12,24,-0.3,7,-7,69,0,11.6
1994,12,25,-0.7,7,-7,72,0,10.8
1994,12,26,-1.7,6,-7.6,78,0,10.1
1994,12,27,-0.9,6.2,-7,76,0,6.1
1994,12,28,-0.3,8,-7,80,0,6.9
1994,12,29,-0.6,3.2,-5.6,94,0,2.4
1994,12,30,9.2,15,1.5,87,0,7.2
1994,12,31,13.1,15.4,11,82,0,11.4
1995,1,1,7.7,14,1,65,4.06,13
1995,1,2,4.4,10,0,55,0,13.4
1995,1,3,1.2,7.4,-5,76,0,10.8
1995,1,4,2.8,9,-3.4,78,0,9
1995,1,5,6.2,12,1.4,79,0,10.1
1995,1,6,8.2,12.5,2,60,0,13.2
1995,1,7,6.5,11,4,54,0,11.3
1995,1,8,4.7,12,-3,59,0,10.3
1995,1,9,6.1,12,0.4,63,0,12.6
1995,1,10,3.9,12,-3.1,65,0,10.1
1995,1,11,4.1,14,-3,68,0,10.9
1995,1,12,7.9,13.3,-0.7,58,0,14.3
1995,1,13,3.2,11.5,-5,50,0,14.2
1995,1,14,2.7,12.4,-5.5,49,0,12.2
1995,1,15,3.3,14.4,-4.8,60,0,11.7
1995,1,16,3.2,12,-4.4,66,0,10.3
1995,1,17,4.4,10,-6,85,0,8.7
1995,1,18,9.1,11,4,65,7.11,11.9
1995,1,19,4.9,9,-0.2,80,0,13.4
1995,1,20,7.3,11,2,70,0.25,12.7
1995,1,21,4.4,10.4,-0.8,77,0,10.8
1995,1,22,5.7,10,1.9,86,0,10.1
1995,1,23,8.4,12,1.2,87,0,10.9
1995,1,24,12.7,17,9.6,86,0,11.6
1995,1,25,12.7,16,9,76,0,12.1
1995,1,26,10.8,15,7,78,0,12.1
1995,1,27,7.9,12.2,5,84,0,7.1
1995,1,28,9,14.5,5,80,0,12.6
1995,1,29,7.2,11,0.6,91,2.03,6.4
1995,1,30,11,15,7,83,0,11.7
1995,1,31,5.7,8,3,96,0,2.1
1995,2,1,5.8,8.5,4,93,0,2.6
1995,2,2,7.3,13,4,81,0,4.7
1995,2,3,6.8,14.5,0,60,0,11.1
1995,2,4,6,17,-3,64,0,11.9
1995,2,5,7.3,20,-2.5,61,0,12.6
1995,2,6,7.8,18,0,63,0,10
1995,2,7,5.1,12.4,-2,85,0,6
1995,2,8,8.3,12,2,84,0,7.4
1995,2,9,11.3,14,8,80,0.51,12.6
1995,2,10,7.9,10.2,5,79,3.3,11.9
1995,2,11,5.4,12,-2.2,72,0,12.2
1995,2,12,7.2,8.5,5,91,20.32,7.6
1995,2,13,10.9,15,7,83,12.95,9.8
1995,2,14,14.2,16.8,12,83,0,10.9
1995,2,15,13.6,16.4,11.6,75,0,10.9
1995,2,16,11.3,16,7.8,80,0,9
1995,2,17,10.6,15.5,4.4,83,0,9.2
1995,2,18,8.7,12,4,51,1.02,13.5
1995,2,19,6.7,15,-0.4,62,0,13.4
1995,2,20,8.2,18,-1.2,66,0,11.4
1995,2,21,9.5,17,4,68,0,11.3
1995,2,22,7,12.7,2.5,61,0,13.2
1995,2,23,5.9,14.2,-1.4,62,0,12.4
1995,2,24,12.6,20.2,5,62,0,14.2
1995,2,25,12.7,17,7.5,68,0,13.4
1995,2,26,6.3,10,3,55,1.02,10.8
1995,2,27,5.7,11,2.5,46,0,12.6
1995,2,28,5.9,12.8,-1.8,44,0,13.2
1995,3,1,9.7,18.3,0,44,0,12.6
1995,3,2,7.6,14,-1,56,0,11.9
1995,3,3,8.1,12.4,3.6,58,0,11.7
1995,3,4,8.2,13,2,47,0,11.7
1995,3,5,12.7,17,9,69,0,11.4
1995,3,6,10.6,14,5,55,0,12.4
1995,3,7,5.9,12,-2,52,0,11.9
1995,3,8,6.9,11,1.4,51,0,14.3
1995,3,9,6.9,16,-3.5,55,0,14.3
1995,3,10,9.1,15,1.6,67,0.25,10.6
1995,3,11,12.2,17.2,8.8,66,0,10.8
1995,3,12,14,21.3,9,45,0,12.7
1995,3,13,11.7,19,6,60,6.1,11.6
1995,3,14,10.3,19.2,0.8,52,0,13
1995,3,15,10.1,20,-1,49,0,10.6
1995,3,16,9.8,16,2.8,48,0,14.2
1995,3,17,9.4,18.8,-1,55,0,12.1
1995,3,18,10.7,20.7,1,56,0,11.6
1995,3,19,11.7,21.5,0.6,51,0,12.7
1995,3,20,12.3,21,2,52,0,11.3
1995,3,21,12.1,20,2.6,50,0,10.8
1995,3,22,11,19.6,2,49,0,11.4
1995,3,23,9.6,18,0.4,53,0,10.6
1995,3,24,11.7,22,1.2,43,0,11.9
1995,3,25,14.4,22.4,6.2,42,0,10.6
1995,3,26,15.3,22.6,6.6,37,0,12.4
1995,3,27,14,22,3,42,0,12.7
1995,3,28,14.4,20,8,45,0,12.2
1995,3,29,14.3,21,5,51,0,11.4
1995,3,30,12.2,18,6,38,0,14.5
1995,3,31,10.2,18.5,0.2,35,0,12.7
1995,4,1,12.4,22,1,38,0,11.9
1995,4,2,14.2,23.4,3.2,45,0,14.3
1995,4,3,14.3,23.4,4,44,0,14.5
1995,4,4,14.5,23.4,4,41,0,11.7
1995,4,5,15.6,25,4,40,0,12.9
1995,4,6,17.8,25.5,6,37,0,11.6
1995,4,7,17.6,27,6,33,0,12.6
1995,4,8,17.8,26.5,7,41,0,15
1995,4,9,18.9,28.6,8.2,39,0,14.2
1995,4,10,18.8,28,9,38,0,12.6
1995,4,11,18.3,28,7,37,0,12.9
1995,4,12,19.3,28.4,7.6,40,0,13.2
1995,4,13,18.4,26.4,10.6,37,0,10.8
1995,4,14,14.9,21.5,8.8,43,0,12.9
1995,4,15,14.7,22,8.2,37,0,14.3
1995,4,16,12.9,19.2,6,46,0,10.6
1995,4,17,14.4,23.5,3,47,0,13.5
1995,4,18,17.3,26,5,41,0,14.3
1995,4,19,16.9,22,6,41,0,12.4
1995,4,20,12,18,6,45,0,13
1995,4,21,7.3,12,2,46,0,14.5
1995,4,22,6.1,12,0.6,60,0,10.9
1995,4,23,5.2,11,-3,65,0.51,11.7
1995,4,24,6.7,12,1.8,63,0,12.4
1995,4,25,7.8,15.2,-1.8,49,0,12.6
1995,4,26,10.6,18.6,-0.5,39,0,13.4
1995,4,27,8.8,11,5,78,0.51,8.7
1995,4,28,13.2,18.5,9.4,71,0,10.5
1995,4,29,16.9,24.5,9,53,0,10.8
1995,4,30,18.7,26.5,9,45,0,10.5
1995,5,1,19.8,27.8,11.6,44,0,12.7
1995,5,2,18.2,28,12.4,57,13.97,12.7
1995,5,3,18.7,25.8,12.8,52,0,10.8
1995,5,4,19.4,27,11,47,0,11.9
1995,5,5,20.1,27.5,10,34,0,13.4
1995,5,6,19.3,25,13,34,0,13.8
1995,5,7,20.9,28,12.6,39,0,13.7
1995,5,8,20.1,29,14,58,5.08,11.9
1995,5,9,19,25.2,12.4,60,7.87,14.8
1995,5,10,18.8,24,13.8,59,11.94,10.9
1995,5,11,15.9,20.2,11,51,1.52,12.6
1995,5,12,13.7,18.5,8.5,46,4.06,13.8
1995,5,13,13,20.7,4.5,38,0,12.9
1995,5,14,16.9,24.2,9,43,0,11.1
1995,5,15,19.9,26,14,55,0,13.8
1995,5,16,19.5,23,16.8,52,0,13.4
1995,5,17,20.5,27,13.6,42,0,13.4
1995,5,18,20.3,25.5,16.6,51,0.25,11.6
1995,5,19,19.1,26,10,51,0,12.4
1995,5,20,19,27,12,44,0,14.2
1995,5,21,18.3,27,6.5,35,0,13.8
1995,5,22,20,26,13.2,42,0,10.5
1995,5,23,20.8,29.6,10.2,38,0,12.7
1995,5,24,20.6,27,12.7,40,0,12.2
1995,5,25,19.2,24,12,41,0,11.7
1995,5,26,18.9,27.5,9,40,0,14.8
1995,5,27,21.1,29.5,9.5,35,0,14
1995,5,28,23.8,32,12.4,36,0,14.8
1995,5,29,23.2,31.4,14,37,0,13.5
1995,5,30,17.6,24,12,41,0,14.8
1995,5,31,16.4,23,8.5,40,0,14.5
1995,6,1,18,28,7,38,0,15
1995,6,2,21.1,29,12.5,41,0,13.4
1995,6,3,21.4,29.3,12.5,44,0,13.4
1995,6,4,23.7,31.8,14.6,42,0,14.8
1995,6,5,24.3,32.5,15.3,41,0,13.8
1995,6,6,23.3,30.5,15.5,43,0,11.4
1995,6,7,21.8,30,13.5,52,0,11.3
1995,6,8,18.9,25,15.2,69,16,10.3
1995,6,9,19.8,26,13.5,64,0,11.6
1995,6,10,18.8,25,11.4,55,13.97,12.2
1995,6,11,19.3,26.2,10.4,41,0,16.6
1995,6,12,20.6,28,12,44,0,15.3
1995,6,13,20.8,27.8,10.5,38,0,13.2
1995,6,14,22.5,28.2,10.5,39,0,11.6
1995,6,15,22.2,30,14,46,0,10.8
1995,6,16,23.1,30,14.4,45,1.02,12.1
1995,6,17,24.6,31.2,14.7,35,0,13.4
1995,6,18,25.6,33.5,14.2,35,0,13.4
1995,6,19,27.3,34.5,18.4,35,0,12.9
1995,6,20,25.2,30,21,40,0,10.8
1995,6,21,24.6,32.5,16,47,0,12.1
1995,6,22,26.6,34,17.7,43,0,11.9
1995,6,23,26.7,33.4,18.6,44,0,10.8
1995,6,24,24.1,31.9,16.2,48,0.25,9.3
1995,6,25,20.1,26.2,16,69,21.08,10.6
1995,6,26,19.9,24,15,58,7.87,11.3
1995,6,27,21.6,28,14.5,59,0,10.9
1995,6,28,21.8,27,14.5,56,0.25,11.7
1995,6,29,22.9,30.4,15.4,58,3.05,12.1
1995,6,30,22.5,31,17,63,0,10.6
1995,7,1,23.6,28,16,52,9.91,11.4
1995,7,2,21.7,26,15.8,43,0,10.8
1995,7,3,20.6,25,16.5,48,0,12.6
1995,7,4,20.7,26,14.5,40,0,12.7
1995,7,5,21.5,28,12.8,41,0,15
1995,7,6,24.1,32,14,40,0,11.1
1995,7,7,26.2,33,16.5,35,0,11.7
1995,7,8,26.1,31,20,38,0,10.9
1995,7,9,25.1,31.3,17,45,0,13.2
1995,7,10,23.6,30,20,57,6.1,11.6
1995,7,11,23.5,30.5,15,47,0,12.4
1995,7,12,25.2,32,15,42,0,13.8
1995,7,13,24.9,30.4,18.4,43,0,12.6
1995,7,14,24,31,15.6,42,0,13.4
1995,7,15,25.3,33.5,16,45,0,14.6
1995,7,16,28.6,36.2,18,41,0,15.8
1995,7,17,30.2,37.8,20.4,37,0,14.8
1995,7,18,30.5,39,21.5,37,0,13.2
1995,7,19,31.4,40.2,21.6,34,0,11.9
1995,7,20,32.1,40.8,22.8,32,0,10
1995,7,21,31.9,40,20.6,32,0,11.3
1995,7,22,30.8,40,20,29,0,11.4
1995,7,23,29.8,39,19.5,38,0,11.4
1995,7,24,31.5,42.2,19.8,31,0,11.3
1995,7,25,28.8,32.6,26,38,0,11.4
1995,7,26,25.1,31.4,17,38,0,10.5
1995,7,27,26.8,35,16.5,31,0,13.7
1995,7,28,29,37.8,20,35,0,13
1995,7,29,30.6,39,19.2,29,0,14
1995,7,30,30.1,38,22,32,0,12.6
1995,7,31,28.6,36.6,18.4,36,0,13.5
1995,8,1,28.9,35.8,20.2,36,0,10.9
1995,8,2,28.4,35,21,39,0,11.1
1995,8,3,27.1,33,17,31,0,11.9
1995,8,4,24.9,31,15,32,0,14.5
1995,8,5,25.5,32,19,42,0,13
1995,8,6,25.4,32.4,17.2,43,0,13
1995,8,7,25.6,32,17.4,41,0,14.3
1995,8,8,25.2,32.5,18,47,0,13.7
1995,8,9,26.1,31,21,54,0,12.4
1995,8,10,24.4,32,17.4,55,2.03,14.6
1995,8,11,27,34,18,46,0,13.8
1995,8,12,28.6,37,18.5,41,0,11.7
1995,8,13,29.3,37,21.4,36,0,14.5
1995,8,14,26.8,33.6,19.8,44,0,12.7
1995,8,15,27.1,35,19,41,0,12.6
1995,8,16,28.2,37.4,20,42,0,11.7
1995,8,17,28.3,35.5,19.5,33,0,10.9
1995,8,18,26.1,33.8,16.6,34,0,10.3
1995,8,19,26.8,33,19.4,43,0,10.5
1995,8,20,26.1,33,20,48,0,10.6
1995,8,21,23.1,29.4,18,53,0,11.1
1995,8,22,21.6,28,15.4,56,4.06,11.4
1995,8,23,22.3,29.7,16.2,57,0,12.9
1995,8,24,23.8,30,16.2,47,0,11.3
1995,8,25,23.3,32,14.2,42,0,14.6
1995,8,26,24.8,32.4,16.2,41,0,14.3
1995,8,27,25.7,33.6,10,39,0,16.1
1995,8,28,24.3,32.5,16.4,39,0,14.5
1995,8,29,22.4,32,13,40,0,13.5
1995,8,30,24,32,13.8,32,0,10.5
1995,8,31,24.7,31.6,17,42,0,12.6
1995,9,1,24.9,32.4,16.5,43,0,11.9
1995,9,2,26.4,33,19,41,0,12.9
1995,9,3,25.7,31,18.6,47,0,11.9
1995,9,4,21.5,26,16,56,0.51,10.8
1995,9,5,17.3,22,12.6,66,0,10.8
1995,9,6,19.4,22,15.4,67,0,11.9
1995,9,7,20.7,25,16.5,52,0,13.2
1995,9,8,19.1,25,12.5,44,0,14.6
1995,9,9,19.3,27.5,8.5,44,0,12.7
1995,9,10,20.1,26.8,11.4,50,0,11.6
1995,9,11,21.2,27,13.6,53,0,14
1995,9,12,19.1,24,12,46,0,13.2
1995,9,13,17.9,23,10,42,0,13.4
1995,9,14,19.6,27.4,9.2,44,0,14.8
1995,9,15,20,25.4,13,44,0,13.2
1995,9,16,18.6,24.2,12.8,44,0,15
1995,9,17,15.2,20.2,11,66,0,11.6
1995,9,18,15.1,20,12,75,5.08,10.1
1995,9,19,13.3,17.4,6,69,0.51,9.5
1995,9,20,15.9,21,10,60,0,11.4
1995,9,21,16.5,23,7.8,51,0,12.2
1995,9,22,17.7,23,11,43,0,14.5
1995,9,23,15.8,21,8,48,0,12.4
1995,9,24,16.3,23,8.4,47,0,13.2
1995,9,25,15.9,21,10,48,0,13.5
1995,9,26,14.4,22,7,39,0,13
1995,9,27,15.9,25,4,40,0,13.4
1995,9,28,18.5,28,7,45,0,11.7
1995,9,29,21,28.6,11.6,49,0,12.7
1995,9,30,21,28,12.6,47,0,12.9
1995,10,1,21.4,29,12,48,0,12.2
1995,10,2,20.7,28.3,13,50,0,12.9
1995,10,3,22.1,27.5,15.8,50,0,13
1995,10,4,19.6,25.4,12,51,0,11.4
1995,10,5,18.3,22.6,13,53,0,12.6
1995,10,6,18.3,25,9.6,55,0,12.7
1995,10,7,18.5,26,11,55,0,11.3
1995,10,8,18.4,25.4,9.8,57,0,13.5
1995,10,9,18.5,26,10.8,59,0,11.6
1995,10,10,18.8,27,9.2,49,0,12.6
1995,10,11,18.4,23.4,12.6,58,0,10.6
1995,10,12,18.2,23,12.8,55,0,12.1
1995,10,13,16.3,23,8,55,0,11.4
1995,10,14,15.3,20,10,72,4.06,11.1
1995,10,15,15.5,22.4,8,63,0,11.1
1995,10,16,14.8,23,7,58,0,10.3
1995,10,17,15.4,25,6,56,0,10
1995,10,18,17.2,26.4,7,51,0,12.4
1995,10,19,19.2,26.2,10,49,0,12.2
1995,10,20,16.6,23.2,9.4,53,0,13
1995,10,21,15.1,21.5,8.4,59,0,10.8
1995,10,22,14.8,22,8,55,0,10.9
1995,10,23,14.9,22,8,53,0,11.7
1995,10,24,15.1,17.4,12.8,78,3.56,9.7
1995,10,25,16.8,21.1,14.6,78,0,9.2
1995,10,26,15.6,22,12,72,0,10.3
1995,10,27,16.6,24.7,8.8,59,0,10.3
1995,10,28,17.2,24,11,60,0,11.7
1995,10,29,14.3,20,8,64,0,11.1
1995,10,30,12.7,20.4,5.6,62,0,10.8
1995,10,31,13.5,21.1,8.2,61,0,11.7
1995,11,1,15,21.7,8.7,63,0,11.7
1995,11,2,15.5,22.8,9,61,0,11.3
1995,11,3,15.7,22.7,7.7,56,0,10.8
1995,11,4,14.8,22.6,7,54,0,10.8
1995,11,5,10.8,19.2,3,56,0,13.2
1995,11,6,11,19,4,62,0,12.6
1995,11,7,11.7,20.9,4,51,0,10.9
1995,11,8,12.7,24.5,3.2,39,0,10.6
1995,11,9,13.6,20.5,8,45,0,10.3
1995,11,10,12.3,16,10,85,1.02,9
1995,11,11,12.6,14.3,10,85,14.99,9.2
1995,11,12,9.2,11.4,6.7,81,16,11.3
1995,11,13,8.4,13,4,82,0,8.5
1995,11,14,8.5,12,5.1,86,0,4.5
1995,11,15,12.9,15.4,11,88,2.03,9.7
1995,11,16,12.7,14.8,11,89,203.96,7.6
1995,11,17,14.3,18,11.7,80,4.06,11.3
1995,11,18,17.3,19.9,14.8,77,1.02,10.3
1995,11,19,15.2,19,10.4,70,0,11.9
1995,11,20,13,19.4,9,85,0,8
1995,11,21,13.2,18.6,9,75,0,10.1
1995,11,22,12.5,15,10.1,61,0,11.7
1995,11,23,11.8,16,9,64,0,11.7
1995,11,24,8.8,14,3,76,0,11.1
1995,11,25,7.8,10,3.6,95,12.95,8
1995,11,26,7.9,10,4,62,0,12.2
1995,11,27,7.2,12,3,81,0,11.3
1995,11,28,7.1,11,3.2,89,0,10.6
1995,11,29,8.1,12.2,1.6,79,0,11.1
1995,11,30,9.3,11,7,90,4.06,9.5
1995,12,1,8.4,13,5,90,0,4.5
1995,12,2,6.8,12,0.4,83,0,7.2
1995,12,3,7.9,13,3.6,90,0,4.3
1995,12,4,7.8,12,1.2,69,0,9.3
1995,12,5,8.9,12,5,63,0,12.6
1995,12,6,4.7,9,0,79,0,11.6
1995,12,7,5.8,7,4.2,97,5.08,6.8
1995,12,8,7.2,9,5.6,91,3.05,5
1995,12,9,8.2,11,5.8,84,0,10.5
1995,12,10,10.1,14,6,72,0,10.8
1995,12,11,7.9,13.2,4,80,0,13.2
1995,12,12,7.6,14,1.9,81,0,11.7
1995,12,13,4.2,9,-1.5,88,0,7.9
1995,12,14,2.9,6,0,52,0,12.7
1995,12,15,2.4,5,-0.8,89,16,6.9
1995,12,16,7.1,10,4,88,3.05,6.6
1995,12,17,7,11,4,85,3.05,7.2
1995,12,18,4.9,10.5,0,91,0,8
1995,12,19,6.4,10,-1,93,0,8.7
1995,12,20,10.2,12,6.5,92,0,4.8
1995,12,21,11.1,19,9,86,0,6.4
1995,12,22,11.9,15,7.8,90,11.94,7.4
1995,12,23,13,15.2,11.2,88,8.38,10
1995,12,24,14.8,16.2,11.5,86,0,11.9
1995,12,25,14.3,15.4,13,87,1.02,10.3
1995,12,26,12.8,14.5,10.4,72,8.13,11.3
1995,12,27,9.7,11,6.5,87,6.1,10.1
1995,12,28,11.3,14,8,78,0,12.4
1995,12,29,9,10.2,7.6,95,7.87,6.9
1995,12,30,11.5,14,8.8,91,21.08,10.3
1995,12,31,11.3,14,8,79,1.02,12.4
